place_id,name,lat,lng,rating,total_reviews,tags,address,website,permanently_closed,hours,price_level_google,is_price_reviewed,price_summary,price_voter_count,price_rp1_25k_count,price_rp25_50k_count,price_rp50_75k_count,price_rp75_100k_count,price_rp100k_plus_count,scraped_at,scraped_reviews,source_cell_id,search_keyword
0x2e705fdd9df2e221:0xbec2edda1dacdf7e,Rumah Makan Sampurna Mangkang,-6.9731178,110.3059892,4.3,786,Rumah Makan,"28G4+Q95, Jl. Jend. Urip Sumoharjo, Wonosari, Kec. Ngaliyan, Kota Semarang, Jawa Tengah 50244",,False,Kamis Buka 24 jam|Jumat Buka 24 jam|Sabtu Buka 24 jam|Minggu Buka 24 jam|Senin Buka 24 jam|Selasa Buka 24 jam|Rabu Buka 24 jam,Rp 1–25.000,True,Rp 1–25.000 per orang,46,26,16,4,,,2026-06-18T02:45:06.598261,False,898d88d2447ffff,rumah makan
0x2e708b8818780c27:0x27599fcd331d6d99,Kedai Tikum,-7.0431923,110.394299,,,Restoran,"Banaran, Jl. Marga Satwa Gg. Sadewa, RT.05/RW.05, Sekaran, Kec. Gn. Pati, Kota Semarang, Jawa Tengah 50229",,False,Kamis Buka 24 jam|Jumat Buka 24 jam|Sabtu Buka 24 jam|Minggu Buka 24 jam|Senin Buka 24 jam|Selasa Buka 24 jam|Rabu Buka 24 jam,,False,,,,,,,,2026-06-18T02:45:07.683682,False,898d88d2447ffff,kedai
0x2e705fbf0fda54c7:0x2c96f82f4eb4d2e6,Warung Makan Bu Mus,-6.9585508,110.3033075,5.0,1,Restoran Jawa,"28R3+H8F, Jl. Irigasi Utara, Mangkang Kulon, Kec. Tugu, Kota Semarang, Jawa Tengah 50155",,False,Kamis Buka 24 jam|Jumat Buka 24 jam|Sabtu Buka 24 jam|Minggu Buka 24 jam|Senin Buka 24 jam|Selasa Buka 24 jam|Rabu Buka 24 jam,,False,,,,,,,,2026-06-18T02:45:08.001780,False,898d88d2447ffff,warung
0x2e705f3fc3b48451:0xb3828f9d845cd5b4,Angkringan Pak Martoyo,-6.9648324,110.3015087,4.8,5,Kafe,"28P2+3J6, Mangkang Kulon, Kec. Tugu, Kota Semarang, Jawa Tengah 50155",,False,Kamis 16.00–00.30|Jumat 16.00–00.30|Sabtu 16.00–00.30|Minggu Tutup|Senin 16.00–00.30|Selasa 16.00–00.30|Rabu 16.00–00.30,,False,,,,,,,,2026-06-18T02:45:09.079262,False,898d88d2447ffff,angkringan
0x2e705ffe1f1589e1:0xa6663d015fd329b8,Rm.Mangkang Raya Prasmanan,-6.9791206,110.3265502,4.2,531,Restoran Prasmanan,"Wonosari, Kec. Ngaliyan, Kota Semarang, Jawa Tengah",,False,,,False,,,,,,,,2026-06-18T02:45:10.725227,False,898d88d2447ffff,rumah makan
0x2e708b002a3f6c59:0x20ae11552238b5b9,Wade' kopi,-7.038878,110.3913784,4.0,943,Kedai Kopi,"X96R+FCW, Jl. Raya Banaran UNNES, Sekaran, Kec. Gn. Pati, Kota Semarang, Jawa Tengah 50229",,False,Rabu 08.00–04.00|Kamis 08.00–04.00|Jumat 08.00–04.00|Sabtu 09.00–04.00|Minggu 08.00–04.00|Senin 08.00–04.00|Selasa 08.00–04.00,Rp 1–25.000,True,Rp 1–25.000 per orang,182,87,76,7,,,2026-06-18T02:45:11.023571,False,898d88d2447ffff,kafe
0x2e705f007b597dab:0x2908769a46854b27,Karaoke FIKA/warung mbk wik,-6.952987,110.2981151,,,Kedai Kopi,"27WX+R65, Mangkang Kulon, Kec. Tugu, Kota Semarang, Jawa Tengah 50155",,False,,,False,,,,,,,,2026-06-18T02:45:14.859168,False,898d88d2447ffff,warung
0x2e705f51267ff547:0xe56643181fa2482d,KEY CAFE & UTI CATERING,-6.9665354,110.2994443,5.0,10,Kedai Sarapan & Makan Siang,"Jl. Kyai Gilang No.45, Mangkang Kulon, Kec. Tugu, Kota Semarang, Jawa Tengah 50155",,False,Kamis Tutup|Jumat 11.00–22.00|Sabtu 11.00–22.00|Minggu 11.00–22.00|Senin 11.00–22.00|Selasa 11.00–22.00|Rabu 11.00–22.00,,False,,,,,,,,2026-06-18T02:45:17.248417,False,898d88d2447ffff,kafe
0x2e705fab0dd2d821:0x7f39bcbdc812ae32,Angkringan My Kyna,-6.9750382,110.3014232,5.0,2,Restoran,"Gg. Kemantren II No.27, RT.003/RW.004, Wonosari, Kec. Ngaliyan, Kota Semarang, Jawa Tengah 50186",,False,Kamis 07.00–21.00|Jumat 07.00–21.00|Sabtu 07.00–21.00|Minggu 07.00–21.00|Senin 07.00–21.00|Selasa Tutup|Rabu 07.00–21.00,,False,,,,,,,,2026-06-18T02:45:17.251523,False,898d88d2447ffff,angkringan
0x2e708b802ea5853b:0x9c96b933d8ee4fc1,Kedai Markoni,-7.0286154,110.406736,4.6,37,Restoran,"Jl. Pawiyatan Luhur No.27, Tinjomoyo, Kec. Banyumanik, Kota Semarang, Jawa Tengah 50269",,False,Kamis Buka 24 jam|Jumat Buka 24 jam|Sabtu Buka 24 jam|Minggu Buka 24 jam|Senin Buka 24 jam|Selasa Buka 24 jam|Rabu Buka 24 jam,Rp 1–25.000,True,Rp 1–25.000 per orang,7,5,2,0,,,2026-06-18T02:45:17.645265,False,898d88d2447ffff,kedai
0x2e705ffefb28f7a7:0x82c0abe3ecbbbdfe,RM Sampurna,-6.9761844,110.3211462,4.2,2368,Restoran Indonesia,"28FC+J9R, Jl. Pantura Semarang - Kendal No.Km. 12, Wonosari, Kec. Ngaliyan, Kota Semarang, Jawa Tengah 50244",,False,Kamis Buka 24 jam|Jumat Buka 24 jam|Sabtu Buka 24 jam|Minggu Buka 24 jam|Senin Buka 24 jam|Selasa Buka 24 jam|Rabu Buka 24 jam,Rp 25–50 rb,True,Rp 25.000–50.000 per orang,134,50,70,8,,,2026-06-18T02:45:17.704359,False,898d88d2447ffff,rumah makan
0x2e705fc6647876c1:0xce8bca733235e472,Karaoke King Belga,-6.9665471,110.288914,4.7,13,Kafe,"27MQ+9HM, Mangkang Kulon, Kec. Tugu, Kota Semarang, Jawa Tengah 50155",,False,,,False,,,,,,,,2026-06-18T02:45:22.527582,False,898d88d2447ffff,kafe
0x2e705fb7e5893d55:0xf15f06b349388a5a,Angkringan Kidul Rel.,-6.9715685,110.305889,5.0,2,Rumah Makan,"28H4+99C, Jl. Krajan, Mangkang Wetan, Kec. Tugu, Kota Semarang, Jawa Tengah 50156",,False,Kamis 04.05–12.00|Jumat 04.05–12.00|Sabtu 04.05–12.00|Minggu 04.05–12.00|Senin 04.05–12.00|Selasa 04.05–12.00|Rabu 04.05–12.00,,False,,,,,,,,2026-06-18T02:45:24.872991,False,898d88d2447ffff,angkringan
0x2e705fce3c87fb7f:0xb5b3761b8563213d,warung makan mak yati (mak'e),-6.9702656,110.2910479,4.3,35,Restoran,"Jl. Jend. Urip Sumoharjo No.28, Mangkang Kulon, Kec. Ngaliyan, Kota Semarang, Jawa Tengah 50244",,False,Rabu 06.00–03.00|Kamis 06.00–03.00|Jumat 06.00–03.00|Sabtu 06.00–03.00|Minggu 06.00–03.00|Senin 06.00–03.00|Selasa 06.00–03.00,$,False,,,,,,,,2026-06-18T02:45:24.985092,False,898d88d2447ffff,warung
0x2e70f51307b0e75b:0xa2f42b27ba72258e,WAROENG KOFFEE 35,-6.9742516,110.3321573,4.9,14,Kedai Kopi,"28GJ+7VP, Karanganyar, Kec. Tugu, Kota Semarang, Jawa Tengah 50152",,False,Kamis Buka 24 jam|Jumat Buka 24 jam|Sabtu Buka 24 jam|Minggu Buka 24 jam|Senin Buka 24 jam|Selasa Buka 24 jam|Rabu Buka 24 jam,Rp 1–25.000,True,Rp 1–25.000 per orang,5,4,1,0,,,2026-06-18T02:45:25.282717,False,898d88d2447ffff,kedai
0x2e705fcc3e6a38cf:0x10cee55d452b757d,Banyu Langit Cafe,-6.967506,110.2879763,5.0,1,Kafe,"Mangkang Kulon, Kec. Tugu, Kota Semarang, Jawa Tengah",,False,,,False,,,,,,,,2026-06-18T02:45:29.112450,False,898d88d2447ffff,kafe
0x2e705fcd9c8b48f1:0xf65ea48773ce1e2a,Warung Makan Semarang Zoo,-6.9699014,110.2870638,4.5,12,Restoran Jawa,"27JP+2RP, Jalan Raya Mangkang, Mangkang Kulon, Ngaliyan, Mlaten, Sumberejo, Kec. Kaliwungu, Kota Semarang, Jawa Tengah 50186",,False,Kamis 08.00–17.00|Jumat 08.00–17.00|Sabtu 08.00–17.00|Minggu 08.00–17.00|Senin 08.00–17.00|Selasa 08.00–17.00|Rabu 08.00–17.00,,False,,,,,,,,2026-06-18T02:45:31.389951,False,898d88d2447ffff,rumah makan
0x2e705f0027512daf:0x6503009f1751edd7,"Warung makan BU TIK sedia Nasi rames,seafood,",-6.9616409,110.3112429,5.0,1,Kedai Sarapan & Makan Siang,"28Q6+8FX, Gg. Unus, Mangkang Wetan, Kec. Tugu, Kota Semarang, Jawa Tengah 50154",,False,Rabu 07.22–04.00|Kamis 07.22–04.00|Jumat 07.22–04.00|Sabtu Tutup|Minggu Tutup|Senin 07.22–04.00|Selasa 07.22–04.00,,False,,,,,,,,2026-06-18T02:45:31.474762,False,898d88d2447ffff,warung
0x2e708b5f3c07858d:0x548938cc974f6e19,Kedai Kopi Bena Beans,-7.0442166,110.3914702,4.2,5,Kedai Kopi,"Gg. Taman Sari II, Sekaran, Kec. Gn. Pati, Kota Semarang, Jawa Tengah 50229",,False,Kamis Buka 24 jam|Jumat Buka 24 jam|Sabtu Buka 24 jam|Minggu Buka 24 jam|Senin Buka 24 jam|Selasa Buka 24 jam|Rabu Buka 24 jam,,False,,,,,,,,2026-06-18T02:45:31.901853,False,898d88d2447ffff,kedai
0x2e708abc27956e31:0x38ecd012137d5af2,Angkringan Semar Ngaliyan Kliwonan,-6.9965052,110.3444704,4.5,379,Kafe,"Jl. Nusa Indah III No.106, RT.04/RW.05, Tambakaji, Kec. Ngaliyan, Kota Semarang, Jawa Tengah 50185",,False,Rabu 09.00–05.00|Kamis 09.00–05.00|Jumat 09.00–05.00|Sabtu 09.00–05.00|Minggu 09.00–05.00|Senin 09.00–05.00|Selasa 09.00–05.00,Rp 1–25.000,True,Rp 1–25.000 per orang,8,8,0,0,,,2026-06-18T02:45:33.376580,False,898d88d2447ffff,angkringan
0x2e708b0007f22f47:0x8e090be44d7aaac1,Kedai Es Nyoklat 234,-7.0564575,110.3947928,5.0,10,Kedai Kopi,"Jl. Taman Siswa No.7, Sekaran, Kec. Gn. Pati, Kota Semarang, Jawa Tengah 50229",,False,,Rp 1–25.000,True,Rp 1–25.000 per orang,5,5,0,0,,,2026-06-18T02:45:40.539312,False,898d88d2447ffff,kedai
0x2e705f46cd6a6629:0x17e4d991f688f40a,Karaoke sucy music,-6.9667418,110.2881735,5.0,2,Kafe,"27MQ+873, Unnamed Road, Mangkang Kulon, Kec. Tugu, Kota Semarang, Jawa Tengah 50155",,False,Kamis Buka 24 jam|Jumat Buka 24 jam|Sabtu Buka 24 jam|Minggu Buka 24 jam|Senin Buka 24 jam|Selasa Buka 24 jam|Rabu Buka 24 jam,,False,,,,,,,,2026-06-18T02:45:40.882818,False,898d88d2447ffff,kafe
0x2e705f28eccdbdab:0xffeb18a99cd43ca6,Warung bu narti,-6.9603188,110.3005286,,,Kedai Kopi,"28Q2+V6C, Jl. Kyai Gilang Jl. Delik, Mangkang Kulon, Kec. Tugu, Kota Semarang, Jawa Tengah 50155",,False,Rabu 06.00–05.00|Kamis 06.00–05.00|Jumat 06.00–05.00|Sabtu 06.00–05.00|Minggu 06.00–05.00|Senin 06.00–05.00|Selasa 06.00–05.00,,False,,,,,,,,2026-06-18T02:45:43.946021,False,898d88d2447ffff,warung
0x2e708ba0b2bd6897:0x9d9b4a9db68dcd82,Rumah Makan 88,-7.0176971,110.3960458,4.3,833,Tempat Istirahat di Jalan Tol,"X9JW+WCF, Jl. Tol Jatingaleh-Krapyak, Bendan Duwur, Kec. Gajahmungkur, Kota Semarang, Jawa Tengah 50235",,False,Kamis Buka 24 jam|Jumat Buka 24 jam|Sabtu Buka 24 jam|Minggu Buka 24 jam|Senin Buka 24 jam|Selasa Buka 24 jam|Rabu Buka 24 jam,,False,,,,,,,,2026-06-18T02:45:44.258675,False,898d88d2447ffff,rumah makan
0x2e705fc3bb681deb:0xf0deabde99bb25fe,Angkringan Moro_Latar,-6.9734484,110.2943541,5.0,6,Kedai Kopi,"Gapura Seberang Dealer Mitsubishi Borobudur Mangkang, Jl. Rowosari II, RT.02/RW.01, Wonosari, Kec. Ngaliyan, Kota Semarang, Jawa Tengah 50244",,False,Kamis 09.05–23.03|Jumat 09.06–23.02|Sabtu 09.07–23.01|Minggu 09.01–23.07|Senin 09.02–23.06|Selasa 09.03–23.05|Rabu 09.04–23.04,,False,,,,,,,,2026-06-18T02:45:44.399056,False,898d88d2447ffff,angkringan
0x2e705fce126a1587:0xaa32e9150608c744,Semilir Cafe,-6.9701362,110.289987,4.5,11,Kafe,"27HQ+WXX Pasar Shelter, Wonosari, Kec. Ngaliyan, Kota Semarang, Jawa Tengah 50244",,False,Kamis 16.00–01.00|Jumat 16.00–01.00|Sabtu 16.00–01.00|Minggu Tutup|Senin 16.00–01.00|Selasa 16.00–01.00|Rabu 16.00–01.00,,False,,,,,,,,2026-06-18T02:45:51.347836,False,898d88d2447ffff,kafe
0x2e705f439d14ffe1:0x5cffa069fe91cf50,KEDAI BIRU DEALOVA,-6.968201,110.3068137,4.5,2,Kedai Teh,"Jl. Mangkang Wetan, RT.03/RW.04, Mangkang Wetan, Kec. Tugu, Kota Semarang, Jawa Tengah 50156",,False,Kamis 12.00–15.00|Jumat 12.00–15.00|Sabtu 12.00–15.00|Minggu 12.00–15.00|Senin 12.00–15.00|Selasa 12.00–15.00|Rabu 12.00–15.00,,False,,,,,,,,2026-06-18T02:45:51.594962,False,898d88d2447ffff,kedai
0x2e705fbf1005acb3:0xc73686ecedf01590,Warung Pojok Kopi Ireng Cak Kholiq,-6.9585008,110.3032929,3.7,3,Kafe,"28R3+H8V, Jl. Irigasi Utara, Mangkang Kulon, Kec. Tugu, Kota Semarang, Jawa Tengah 50155",,False,Kamis Buka 24 jam|Jumat Buka 24 jam|Sabtu Buka 24 jam|Minggu Buka 24 jam|Senin Buka 24 jam|Selasa Buka 24 jam|Rabu Buka 24 jam,,False,,,,,,,,2026-06-18T02:45:59.386510,False,898d88d2447ffff,warung
0x2e708b08bd39390d:0x35e3aa2a1317e577,Kedai Backbone,-7.0191352,110.3947125,4.5,2,Kedai Kopi,"Jl. Talangsari No.38, Bendan Duwur, Kec. Gajahmungkur, Kota Semarang, Jawa Tengah 50235",,False,Kamis Buka 24 jam|Jumat Buka 24 jam|Sabtu Buka 24 jam|Minggu Buka 24 jam|Senin Buka 24 jam|Selasa Buka 24 jam|Rabu Buka 24 jam,,False,,,,,,,,2026-06-18T02:45:59.492126,False,898d88d2447ffff,kedai
0x2e705fae8f35e0ed:0x500403775d960a74,Angkringan 212,-6.9698272,110.303561,5.0,1,Kafe,"28J3+3C7, Jl. Cisadane Barat, Mangunharjo, Kec. Tugu, Kota Semarang, Jawa Tengah 50154",,False,Kamis Buka 24 jam|Jumat Buka 24 jam|Sabtu Buka 24 jam|Minggu Buka 24 jam|Senin Buka 24 jam|Selasa Buka 24 jam|Rabu Buka 24 jam,,False,,,,,,,,2026-06-18T02:46:00.886683,False,898d88d2447ffff,angkringan
0x2e705f6a58628383:0x5409ef3827488081,Adem Ayem Karaoke,-6.9663731,110.2892297,4.6,8,Kafe,"Mangkang Kulon, Kec. Tugu, Kota Semarang, Jawa Tengah 50155",,False,Kamis 09.00–01.00|Jumat 09.00–01.00|Sabtu 09.00–01.00|Minggu 09.00–01.00|Senin 09.00–01.00|Selasa 09.00–01.00|Rabu 09.00–01.00,,False,,,,,,,,2026-06-18T02:46:00.920790,False,898d88d2447ffff,kafe
0x2e705f0047c5e797:0xea8ab1bb626719f2,ANGKRINGAN CAH KRAJAN,-6.9726382,110.3068895,5.0,3,Kedai Kopi,"28G4+WPW, Mangkang Wetan, Kec. Tugu, Kota Semarang, Jawa Tengah 50156",,False,,,False,,,,,,,,2026-06-18T02:46:06.381386,False,898d88d2447ffff,angkringan
0x2e705fbf6b4b5bc5:0x4ee64999e2a1be45,Warung Makan Bu Hamdanah,-6.9593855,110.3027792,3.8,12,Restoran Jawa,"28R3+64R, Jl. Irigasi Utara, Mangkang Kulon, Kec. Tugu, Kota Semarang, Jawa Tengah 50156",,False,Kamis 06.00–21.00|Jumat 06.00–21.00|Sabtu 06.00–21.00|Minggu 06.00–21.00|Senin 06.00–21.00|Selasa 06.00–21.00|Rabu 06.00–21.00,,False,,,,,,,,2026-06-18T02:46:07.992153,False,898d88d2447ffff,warung
0x2e708b5f6d321f99:0xbe570bb778237aa0,Kedai Kaama,-7.0570498,110.3968884,4.7,126,Restoran Mie,"Jl. Pete Raya, Sekaran, Kec. Gn. Pati, Kota Semarang, Jawa Tengah 50229",,False,Kamis 12.00–22.00|Jumat 13.00–22.00|Sabtu 12.00–22.00|Minggu 12.00–22.00|Senin 12.00–22.00|Selasa 12.00–22.00|Rabu 12.00–22.00,Rp 1–25.000,True,Rp 1–25.000 per orang,41,36,5,0,,,2026-06-18T02:46:08.858865,False,898d88d2447ffff,kedai
0x2e708bc0e8e55a57:0xe8d850f09d835fbb,Kopidokia Coffee and Eatery,-7.0474321,110.3898444,4.7,80,Kafe,"Jl. Kolonel HR Hadijanto Jl. Raya Banaran No.2C, Sekaran, Kec. Gn. Pati, Kota Semarang, Jawa Tengah 50229",,False,Kamis 14.00–23.00|Jumat 14.00–23.00|Sabtu 14.00–23.00|Minggu 14.00–23.00|Senin 14.00–23.00|Selasa 14.00–23.00|Rabu 14.00–23.00,Rp 25–50 rb,True,Rp 25.000–50.000 per orang,32,8,18,5,,,2026-06-18T02:46:13.101518,False,898d88d2447ffff,kafe
0x2e7061007fa3dc7d:0x3bb1637eb0bec733,Angkringan Joss,-6.9934612,110.3286459,4.7,323,Kedai Kopi,"Puja sera Aji songo, Tambakaji, Kec. Ngaliyan, Kota Semarang, Jawa Tengah 50185",,False,,Rp 1–25.000,True,Rp 1–25.000 per orang,5,4,1,0,,,2026-06-18T02:46:14.215317,False,898d88d2447ffff,angkringan
0x2e708b00613fada1:0xd10f08de45c64670,Kedai Nescafe - Outlet UNNES,-7.0545671,110.394825,2.3,32,Kedai Kopi,"W9WV+5WG, Jl. Taman Siswa, Sekaran, Kec. Gn. Pati, Kota Semarang, Jawa Tengah 50229",,False,,Rp 1–25.000,True,Rp 1–25.000 per orang,6,6,0,0,,,2026-06-18T02:46:14.722498,False,898d88d2447ffff,kedai
0x2e705fc0c65edd0f:0xc83e0fc841603ef9,Keday rumah makan cak yon,-6.9609493,110.3020193,5.0,1,Rumah Makan,"28Q2+JRC, Jl. Delik Jl. Irigasi Utara, kampung panggung, Mangkang Kulon, Kec. Tugu, Kota Semarang, Jawa Tengah 50155",,False,Kamis 04.00–02.00|Jumat 04.00–02.00|Sabtu 05.00–02.00|Minggu 05.00–02.00|Senin 04.00–02.00|Selasa 04.00–02.00|Rabu 04.00–02.00,,False,,,,,,,,2026-06-18T02:46:18.849156,False,898d88d2447ffff,rumah makan
0x2e708bc5a0388b8f:0x222e286905ff8a10,Warung Doyong,-7.0452872,110.3921172,4.7,241,Kafe,"Jl. Taman Siswa, Sekaran, Kec. Gn. Pati, Kota Semarang, Jawa Tengah 50229",,False,Rabu 17.00–05.00|Kamis 17.00–05.00|Jumat 17.00–05.00|Sabtu 17.00–05.00|Minggu 17.00–05.00|Senin 17.00–05.00|Selasa 17.00–05.00,Rp 1–25.000,True,Rp 1–25.000 per orang,23,22,0,1,,,2026-06-18T02:46:19.217499,False,898d88d2447ffff,warung
0x2e705f1294109b41:0x53e5be5d65842e19,Angkringan Pak Budi,-6.9692237,110.2990842,5.0,4,Kedai Kopi,"27JX+8J8, Jl. Cisadane Barat, Mangkang Kulon, Kec. Tugu, Kota Semarang, Jawa Tengah 50155",,False,Kamis 15.30–00.00|Jumat 15.30–00.00|Sabtu 15.30–00.00|Minggu 15.30–00.00|Senin 15.30–00.00|Selasa 15.30–00.00|Rabu 15.30–00.00,,False,,,,,,,,2026-06-18T02:46:21.921676,False,898d88d2447ffff,angkringan
0x2e708abd1d14d833:0x909d75f1b1f7114f,Kedai TR New,-6.9967804,110.3448931,4.6,17,Kafe,"Jl. Nusa Indah III No.102, Tambakaji, Kec. Ngaliyan, Kota Semarang, Jawa Tengah 50185",,False,Kamis Buka 24 jam|Jumat Buka 24 jam|Sabtu Buka 24 jam|Minggu Buka 24 jam|Senin Buka 24 jam|Selasa Buka 24 jam|Rabu Buka 24 jam,$,False,,,,,,,,2026-06-18T02:46:22.004798,False,898d88d2447ffff,kedai
0x2e708bf24eda58a9:0xe15cd21f0c511065,Peacockoffie Gombel,-7.0369235,110.4176717,4.3,359,Kedai Kopi,"Jl. Gombel Lama No.11, Tinjomoyo, Kec. Banyumanik, Kota Semarang, Jawa Tengah 50262",,False,Kamis Buka 24 jam|Jumat Buka 24 jam|Sabtu Buka 24 jam|Minggu Buka 24 jam|Senin Buka 24 jam|Selasa Buka 24 jam|Rabu Buka 24 jam,Rp 25–50 rb,True,Rp 25.000–50.000 per orang,121,2,80,28,,,2026-06-18T02:46:22.465210,False,898d88d2447ffff,kafe
0x2e705f37aa315b13:0x463bbf59deb1a9d4,"Rumah Makan ""SINAR PADANG""",-6.9757892,110.3247962,3.7,11,Restoran,"Jl. Pantura Semarang - Kendal Ruko Tugu Square KM.12 No.4, RT.02/RW.10, Randu Garut, Kec. Tugu, Kota Semarang, Jawa Tengah 50153",,False,,,False,,,,,,,,2026-06-18T02:46:24.226168,False,898d88d2447ffff,rumah makan
0x2e705f00198fd545:0xb41553dd867af9de,tongkrongan cah gaul,-6.9561795,110.3143309,5.0,2,Gedung Apartemen,"28V7+GP8, Gg. Mujahir, Mangkang Wetan, Kec. Tugu, Kota Semarang, Jawa Tengah 50156",,False,,,False,,,,,,,,2026-06-18T02:46:27.743283,False,898d88d2447ffff,kafe
0x2e705f53deeea859:0x60a526923d501d55,Warung Makan Bu Sop,-6.9635135,110.3021453,5.0,3,Kedai Sarapan,"Jl. Kyai Gilang Gg. Santri XII No.3, RT.1/RW.2, Mangkang Kulon, Kec. Tugu, Kota Semarang, Jawa Tengah 50156",,False,Kamis 06.00–21.00|Jumat 06.00–21.00|Sabtu 06.00–21.00|Minggu 06.00–21.00|Senin 06.00–21.00|Selasa 06.00–21.00|Rabu 06.00–21.00,,False,,,,,,,,2026-06-18T02:46:28.956140,False,898d88d2447ffff,warung
0x2e705f00512400cd:0x629b6f861dba5544,Angkringan BANGS4T,-6.9731804,110.2963118,5.0,3,Dapur Umum,"Jl. Pantura Semarang - Kendal, Wonosari, Kec. Ngaliyan, Kota Semarang, Jawa Tengah 50186",,False,Kamis Buka 24 jam|Jumat Buka 24 jam|Sabtu Buka 24 jam|Minggu Buka 24 jam|Senin Buka 24 jam|Selasa Buka 24 jam|Rabu Buka 24 jam,,False,,,,,,,,2026-06-18T02:46:29.963073,False,898d88d2447ffff,angkringan
0x2e708b5ef79672eb:0xf538bf4af5e9cfce,KEDAI PAKULARGAN,-6.9855998,110.4205037,5.0,18,Kedai Kopi,"Jl. Mayor Jend. D.I. Panjaitan No.9, Miroto, Kec. Semarang Tengah, Kota Semarang, Jawa Tengah 50134",,False,Kamis Buka 24 jam|Jumat Buka 24 jam|Sabtu Buka 24 jam|Minggu Buka 24 jam|Senin Buka 24 jam|Selasa Buka 24 jam|Rabu Buka 24 jam,Rp 1–25.000,True,Rp 1–25.000 per orang,8,8,0,0,,,2026-06-18T02:46:30.944853,False,898d88d2447ffff,kedai
0x2e708ba5e47bdd79:0x9996479f12f37b0b,Angkringan Pak Gik Gajahmada,-6.9804711,110.421807,4.6,2240,Restoran,"Jl. Wotgandul Barat No.Dalam, Gabahan, Kec. Semarang Tengah, Kota Semarang, Jawa Tengah 50135",https://instagram.com/angkringanpakgikgajahmada?igshid=OGQ2MjdiOTE=,False,,Rp 1–25.000,True,Rp 1–25.000 per orang,161,130,24,3,,,2026-06-18T02:46:42.007490,False,898d88d2447ffff,angkringan
0x2e705fdd56dacf45:0x802bcfa962134c5,Warung Makan Mbak Im,-6.9708132,110.306697,4.4,9,Restoran Jawa,"28H4+MMG, Mangkang Wetan, Kec. Tugu, Kota Semarang, Jawa Tengah 50156",,False,Kamis 07.00–18.00|Jumat 07.00–18.00|Sabtu 07.00–18.00|Minggu 07.00–18.00|Senin 07.00–18.00|Selasa 07.00–18.00|Rabu 07.00–18.00,,False,,,,,,,,2026-06-18T02:46:43.977636,False,898d88d2447ffff,rumah makan
0x2e705fb1c21ef821:0xb2f7243a2f5f783d,Warung Bu Kayati,-6.9672633,110.2995133,,,Pujasera,"Jl kyai gilang gg santri v mangkang kulon tugu semarang, RT.03/RW.02, semarang, Kec. Tugu, Kota Semarang, Jawa Tengah 50155",,False,Kamis Buka 24 jam|Jumat Buka 24 jam|Sabtu Tutup|Minggu Tutup|Senin Buka 24 jam|Selasa Buka 24 jam|Rabu Buka 24 jam,,False,,,,,,,,2026-06-18T02:46:43.988412,False,898d88d2447ffff,warung
0x2e70f5d54482cdc3:0x57bc44ab656ed55c,Kedai Q N,-6.9735951,110.3334631,5.0,1,Kedai Sarapan & Makan Siang,"28GM+H98, Jl. Tugu Industri Raya, Karanganyar, Kec. Tugu, Kota Semarang, Jawa Tengah 50152",,False,Kamis Buka 24 jam|Jumat Buka 24 jam|Sabtu Buka 24 jam|Minggu Tutup|Senin Buka 24 jam|Selasa Buka 24 jam|Rabu Buka 24 jam,,False,,,,,,,,2026-06-18T02:46:44.892683,False,898d88d2447ffff,kedai
0x2e708bfb532a64bd:0x988c60937aee0b86,Bento Kopi Unnes,-7.040278,110.3918099,4.6,2311,Kedai Kopi,"Sekaran, Kec. Gn. Pati, Kota Semarang, Jawa Tengah 50229",,False,,Rp 1–25.000,True,Rp 1–25.000 per orang,463,236,199,14,,,2026-06-18T02:46:45.097337,False,898d88d2447ffff,kafe
0x2e708baf1bc711e7:0x3e62c79bffee8195,Kedai Dalam Proses,-7.0311795,110.3719857,4.8,5,Kedai Kopi,"X99C+GQH, Jl. Raya Manyaran-Gunungpati, Sadeng, Kec. Gn. Pati, Kota Semarang, Jawa Tengah 50222",,False,,,False,,,,,,,,2026-06-18T02:46:50.655881,False,898d88d2447ffff,kedai
0x2e708b68f5dd133b:0xcac69b000a2f19da,Angkringan Amanah,-7.0533728,110.4015623,4.7,24,Restoran,"WCW2+MJ3, Gg. Flamboyan Barat, Sekaran, Kec. Gn. Pati, Kota Semarang, Jawa Tengah 50229",,False,Kamis Buka 24 jam|Jumat Buka 24 jam|Sabtu Buka 24 jam|Minggu Buka 24 jam|Senin Buka 24 jam|Selasa Buka 24 jam|Rabu Buka 24 jam,,False,,,,,,,,2026-06-18T02:46:50.827736,False,898d88d2447ffff,angkringan
0x2e705f97a365cdc7:0x827bbed3af6415d2,Warung Mbok Dewor,-6.9703373,110.3050207,4.6,11,Warung nasi,"Jl. Cisadane Barat, Mangunharjo, Kec. Tugu, Kota Semarang, Jawa Tengah 50154, Mangunharjo, Kec. Tugu, Kota Semarang, Jawa Tengah 50151",,False,,Rp 1–25.000,True,Rp 1–25.000 per orang,4,4,0,0,,,2026-06-18T02:46:50.946456,False,898d88d2447ffff,warung
0x2e705fde841d1d15:0x5fb7dff3c1acf943,Rumah Makan Alisia,-6.9662545,110.2888476,5.0,2,Restoran,"27MQ+FGX, Unnamed Road, Mangkang Kulon, Kec. Tugu, Kota Semarang, Jawa Tengah 50155",,False,Kamis 06.00–02.00|Jumat 06.00–02.00|Sabtu 06.00–02.00|Minggu 06.00–02.00|Senin 06.00–02.00|Selasa 06.00–02.00|Rabu 06.00–02.00,,False,,,,,,,,2026-06-18T02:46:55.214003,False,898d88d2447ffff,rumah makan
0x2e708b900394b1c1:0xd5b73324fa9bedf9,Warung Bu Sukinah,-7.0424345,110.4007275,4.8,25,Toko Perlengkapan Rumah,"XC52+27H, Unnamed Road, Sekaran, Kec. Gn. Pati, Kota Semarang, Jawa Tengah 50229",,False,,,False,,,,,,,,2026-06-18T02:46:56.112951,False,898d88d2447ffff,warung
0x2e705fbe6fefe89f:0xe4b112f9ea8c1e70,"Warung Makan an ""Mami""",-6.9559058,110.3048666,5.0,2,Restoran,"Mangkang Kulon, Kec. Tugu, Kota Semarang, Jawa Tengah",,False,,,False,,,,,,,,2026-06-18T02:47:01.345825,False,898d88d2447ffff,warung
0x2e708b158d478f75:0x43b22ad9c5c5e686,Sora Kafe,-6.9923064,110.3539615,4.6,637,Kedai Kopi,"Jl. Prof. Dr. Hamka Perum BPI No.A 9, Tambakaji, Kec. Ngaliyan, Kota Semarang, Jawa Tengah 50185",https://linktr.ee/soracafe,False,Kamis 09.00–23.00|Jumat 09.00–23.00|Sabtu 09.00–23.00|Minggu 09.00–23.00|Senin 09.00–23.00|Selasa 09.00–23.00|Rabu 09.00–23.00,Rp 25–50 rb,True,Rp 25.000–50.000 per orang,187,9,99,15,,,2026-06-18T02:47:01.586262,False,898d88d2447ffff,kafe
0x2e705f413131ce4d:0x93baf63b1300500a,Warung Makan Alam Ghaib,-6.9716176,110.3044797,5.0,3,Restoran Indonesia,"28H3+9R9, Jl. Mangkang Wetan, RT.01/RW.01, Mangunharjo, Kec. Tugu, Kota Semarang, Jawa Tengah 50154",,False,Kamis 10.00–21.00|Jumat 10.00–21.00|Sabtu 10.00–21.00|Minggu 10.00–21.00|Senin 10.00–21.00|Selasa 10.00–21.00|Rabu 10.00–21.00,,False,,,,,,,,2026-06-18T02:47:03.464598,False,898d88d2447ffff,rumah makan
0x2e708b44c18112e9:0x3a777af2b58f869e,Gado-gado Kedai Nyata,-7.0527536,110.3959552,4.4,10,Kedai Sarapan,"W9WW+V9W, Gg. Nangka, Sekaran, Kec. Gn. Pati, Kota Semarang, Jawa Tengah 50229",,False,Rabu 00.00–06.00 08.00–00.00|Kamis 00.00–06.00 08.00–00.00|Jumat 00.00–06.00 08.00–00.00|Sabtu 00.00–06.00 08.00–00.00|Minggu 00.00–06.00 08.00–00.00|Senin 00.00–06.00 08.00–00.00|Selasa 00.00–06.00 08.00–00.00,Rp 1–25.000,True,Rp 1–25.000 per orang,5,5,0,0,,,2026-06-18T02:47:05.966963,False,898d88d2447ffff,kedai
0x2e705ff246ce7ba5:0x180fc120a5ea8ab1,Waroeng nongkrong lhebb jaya,-6.9552356,110.3048067,4.3,3,Kedai Kopi,"28V3+WW3, Jl. Kyai Gilang Kauman Jl. Irigasi Utara, Mangkang Kulon, Kec. Tugu, Kota Semarang, Jawa Tengah 50155",,False,,,False,,,,,,,,2026-06-18T02:47:08.979092,False,898d88d2447ffff,kafe
0x2e708b9b1ca6ef03:0x34f8d02092040e97,Angkringan JR,-7.0239852,110.4122826,4.7,25,Kafe,"Jl. Telaga Bodas Raya, Karangrejo, Kec. Gajahmungkur, Kota Semarang, Jawa Tengah 50231",,False,Kamis Buka 24 jam|Jumat Buka 24 jam|Sabtu Buka 24 jam|Minggu Buka 24 jam|Senin Buka 24 jam|Selasa Buka 24 jam|Rabu Buka 24 jam,,False,,,,,,,,2026-06-18T02:47:11.984761,False,898d88d2447ffff,angkringan
0x2e708b0015479d99:0xf14f48e3df963075,WaroengPitoe,-7.0522407,110.3944186,4.8,102,Restoran Indonesia,"Gg. Rambutan No.34, Sekaran, Kec. Gn. Pati, Kota Semarang, Jawa Tengah 50229",https://instagram.com/waroengpitoe.bcm,False,,Rp 1–25.000,True,Rp 1–25.000 per orang,38,30,7,1,,,2026-06-18T02:47:12.148517,False,898d88d2447ffff,warung
0x2e705fda8e29d9f3:0x8798993e51e54cbc,Warung Makan Berkah,-6.9727503,110.2961218,4.0,7,Restoran Jawa,"Jl. Kyai Gilang Kauman, Mangkang Kulon, Kec. Tugu, Kota Semarang, Jawa Tengah 50244",,False,,,False,,,,,,,,2026-06-18T02:47:14.038368,False,898d88d2447ffff,rumah makan
0x2e705fd6a07d90cd:0x564ea87f3a22ddbd,ANGKRINGAN SAMBO,-6.9703675,110.3052489,5.0,,Warung Makanan Kecil,"Jl. Cisadane Timur No.1, Mangkang Wetan, Kec. Tugu, Kota Semarang, Jawa Tengah 50154",,False,Kamis 14.00–00.00,,False,,,,,,,,2026-06-18T02:50:57.666870,False,898d88d2453ffff,angkringan
0x2e705f798c5eced5:0x53e450e1f25f8323,Toko Teguh Pondok Sari,-6.9551536,110.3050065,5.0,,Kafe,"28V4+W2J, Jl. Tanggul Sari, Mangunharjo, Kec. Tugu, Kota Semarang, Jawa Tengah 50155",,False,Kamis 07.00–12.00,,False,,,,,,,,2026-06-18T02:50:58.561752,False,898d88d2453ffff,kafe
0x2e708b5088467c09:0x49e25092f21444a3,KOLU SEKARAN,-7.0574296,110.3961948,4.9,,Kedai Kopi,"Jl. Raya Sekaran, Patemon, Kec. Gn. Pati, Kota Semarang, Jawa Tengah 50228",,False,,,False,,,,,,,,2026-06-18T02:50:58.992154,False,898d88d2453ffff,kedai
0x2e705f002c4e6325:0xe44082dbf8f80ac,Warung Sembako Bu Tun,-6.9543174,110.3054609,5.0,,Toko bahan makanan,"28W4+75G, Jl. Kyai Gilang, Mangkang Kulon, Kec. Tugu, Kota Semarang, Jawa Tengah 50155",,False,,,False,,,,,,,,2026-06-18T02:51:01.443195,False,898d88d2453ffff,warung
0x2e705f2877b4c29f:0x1e7d51b54b2e8b03,Wahyu pratama,-6.9626795,110.3029888,5.0,,Kedai Kopi,"28P3+W5, Mangunharjo, Kec. Tugu, Kota Semarang, Jawa Tengah 50154",,False,,,False,,,,,,,,2026-06-18T02:51:03.303863,False,898d88d2453ffff,kafe
0x2e7a2100058e5057:0x256b3718e0e0598,Kedai DA-THAR,-6.9752334,110.3387243,5.0,,Kedai Sarapan & Makan Siang,"Perumahan, Jl. Karanganyar permai, Karanganyar, Kec. Tugu, Kota Semarang, Jawa Tengah 50152",,False,,,False,,,,,,,,2026-06-18T02:51:03.629232,False,898d88d2453ffff,kedai
0x2e705fe6f6f456a7:0x3eaf46d7d61c14ac,Warung Makan Lestari,-6.9727026,110.3105345,4.2,,Restoran Jawa,"Jalan Urip Sumoharjo Kampung Tikung RT 2 RW 7 Wonosari Ngaliyan, Wonosari, Kec. Ngaliyan, Kota Semarang, Jawa Tengah 50186",,False,Kamis 05.30–23.00,,False,,,,,,,,2026-06-18T02:51:04.322083,False,898d88d2453ffff,rumah makan
0x2e708bb77562d599:0x76a69808e6b2f0a3,Angkringan Pinggir Kali Kampung Jawi,-7.029132,110.3778001,4.6,,Kafe,"X9CH+84V, Sukorejo, Kec. Gn. Pati, Kota Semarang, Jawa Tengah 50221",,False,Kamis 16.30–21.30,,False,,,,,,,,2026-06-18T02:51:06.722424,False,898d88d2453ffff,angkringan
0x2e705fd3c2f7f6ed:0x531e73f6b2e32483,Warung Soto Pak Jasmun,-6.9512396,110.306531,5.0,,Restoran soto,"28X4+GJ2, Jl. Kyai Gilang, Mangunharjo, Kec. Tugu, Kota Semarang, Jawa Tengah 50155",,False,Kamis 05.00–16.00,,False,,,,,,,,2026-06-18T02:51:06.800714,False,898d88d2453ffff,warung
0x2e705fc4a22bf39f:0xffda056d8def8dd2,Ki Demang Cafe,-6.9697584,110.3013696,4.7,,Kafe,"28J2+3GX, Jl. Cisadane Barat, Mangunharjo, Kec. Tugu, Kota Semarang, Jawa Tengah 50154",,False,Kamis Tutup,,False,,,,,,,,2026-06-18T02:51:10.019275,False,898d88d2453ffff,kafe
0x2e7089006d86f0eb:0xda3de04e1112852d,kedai mb sopi,-7.083979,110.3854282,5.0,,Kedai Kopi,"Jl. Gn. Turun Raya No.II Raya, Mangunsari, Kec. Gn. Pati, Kota Semarang, Jawa Tengah 50227",,False,Kamis 00.00–10.00 11.00–00.00,,False,,,,,,,,2026-06-18T02:51:10.065430,False,898d88d2453ffff,kedai
0x2e705fd4fab03d8f:0x3442eea3a91f46bf,Angkringan Pangestu,-6.9731604,110.2962771,5.0,,Kafe,"27GW+PGJ, Jl. Nasional 1, Wonosari, Kec. Ngaliyan, Kota Semarang, Jawa Tengah 50244",,False,Kamis 15.00–00.00,,False,,,,,,,,2026-06-18T02:51:12.014187,False,898d88d2453ffff,angkringan
0x2e708bcfcf88f709:0x2c4e8fd529837f0c,BURJO NAMPOL,-7.0519342,110.3950345,4.6,,Restoran,"Jl. Taman Siswa.11, sebelah SDN No.02, Sekaran, Kec. Gn. Pati, Kota Semarang, Jawa Tengah 50229",https://instagram.com/tempongnampol.id,False,Kamis Buka 24 jam,,False,,,,,,,,2026-06-18T02:51:12.219069,False,898d88d2453ffff,rumah makan
0x2e705f981bd0f327:0xaae970279e21847a,Warung Cahaya Barokah,-6.9622231,110.3028779,,,Warung Makanan Kecil,"RT.03/RW.04, Panggung, Mangunharjo, Kec. Tugu, Kota Semarang, Jawa Tengah 50154",,False,Kamis 10.00–21.00,,False,,,,,,,,2026-06-18T02:51:12.258902,False,898d88d2453ffff,warung
0x2e708b003a06fded:0x8ab96911b044a140,Kedai Sadhina Kopi,-6.9856937,110.3595992,5.0,,Kedai Kopi,"2975+PRG, Jrakah, Kec. Tugu, Kota Semarang, Jawa Tengah 50151",,False,Kamis Tutup,,False,,,,,,,,2026-06-18T02:51:15.445130,False,898d88d2453ffff,kedai
0x2e705f0045807a71:0x39fd5819b8bfb926,Warung Bu Tianah,-6.9615613,110.3033,,,Warung Makanan Kecil,"28Q3+98F, Gg. Santri XVll, Mangunharjo, Kec. Tugu, Kota Semarang, Jawa Tengah 50154",,False,,,False,,,,,,,,2026-06-18T02:51:16.110108,False,898d88d2453ffff,warung
0x2e705ff7f871972f:0x41e656dd579c2be,B'desk Angkringan,-6.9731709,110.305324,5.0,,Kedai Kopi,"Jl. Raya Mangkang No.39, Wonosari, Kec. Ngaliyan, Kota Semarang, Jawa Tengah 50244",,False,Kamis Tutup,,False,,,,,,,,2026-06-18T02:51:17.219377,False,898d88d2453ffff,angkringan
0x2e705fa63bcff387:0x70959bdaf3db352b,ARAKU Boba,-6.955617,110.304842,4.3,,Kafe,"28V3+QW4, Jl. Irigasi Utara, Mangkang Kulon, Kec. Tugu, Kota Semarang, Jawa Tengah 50155",,False,Kamis 09.00–17.00,,False,,,,,,,,2026-06-18T02:51:17.222992,False,898d88d2453ffff,kafe
0x2e708b004088e9f3:0x845d474dcd3bf701,KEDAI ARAYA ( Nasi Prasmanan dan caffe ),-7.0552974,110.398965,5.0,,Kedai Kopi,"GG Pete RT 01 RW 02 Sekaran, kodya, Kec. Gn. Pati, Kota Semarang, Jawa Tengah 50229",,False,Kamis 10.00–22.00,,False,,,,,,,,2026-06-18T02:51:20.368090,False,898d88d2453ffff,kedai
0x2e7061b920d6bc57:0x7a2257e40b99c3ed,ANGKRINGAN SAT-SET (A-S-S),-7.0103477,110.3263605,4.8,,Kafe,"Dekat, Jl. Anyar Duwet, Wates, Kec. Ngaliyan, Kota Semarang, Jawa Tengah 50188",,False,,,False,,,,,,,,2026-06-18T02:51:21.188260,False,898d88d2453ffff,angkringan
0x2e705fc2bda9f401:0x6db213ac8b897e5a,Warung Nyah Din,-6.969282,110.306116,5.0,,Restoran Mie,"28J4+7CQ, Jl. Mangkang Wetan, RT.01/RW.01, Mangkang Wetan, Kec. Tugu, Kota Semarang, Jawa Tengah 50156",,False,Kamis 06.00–21.00,,False,,,,,,,,2026-06-18T02:51:21.255872,False,898d88d2453ffff,warung
0x2e705f56dfc94189:0x4609c4fc4c0e7023,Omah Kopi & Rempah Bang Kecek,-6.9588137,110.3113946,5.0,,Kafe,"28R6+FHC, Mangunharjo, Kec. Tugu, Kota Semarang, Jawa Tengah 50154",,False,Kamis Buka 24 jam,,False,,,,,,,,2026-06-18T02:51:23.311277,False,898d88d2453ffff,kafe
0x2e705f00073870df:0x26cfcb9ebefdfad3,kedai eyon,-6.9693868,110.3058353,5.0,,Kedai Kopi,"28J4+68W, jl, RT.1/RW.2, Mangunharjo, Tugu, Semarang City, Central Java 50154",,False,Kamis 09.00–20.15,,False,,,,,,,,2026-06-18T02:51:25.960582,False,898d88d2453ffff,kedai
0x2e705f93ea4141ad:0xfb6d27b378fee7a6,Warung Pojok,-6.955971,110.3145169,4.6,,Restoran Jawa,"Jl. Mangkang Wetan-Mangunharjo, Mangkang Wetan, Kec. Tugu, Kota Semarang, Jawa Tengah 50156",,False,Kamis 10.00–22.00,,False,,,,,,,,2026-06-18T02:51:26.351913,False,898d88d2453ffff,warung
0x2e708bfbc2871e33:0x8454918746b4fa79,Angkringan Dudu Cafe,-7.0437613,110.3937829,4.9,,Warung nasi,"depan kost cemara, Jl. Marga Satwa No.24, RT.05/RW.05, Banaran, Kec. Gn. Pati, Kota Semarang, Jawa Tengah 50229",,False,Kamis 12.00–23.00,,False,,,,,,,,2026-06-18T02:51:26.397789,False,898d88d2453ffff,angkringan
0x2e705fd510eec683:0x560d168e186bd7cf,NIKMAH cafe,-6.9691399,110.2997558,5.0,,Kafe,"Rt05/04, Mangunharjo, Kec. Tugu, Kota Semarang, Jawa Tengah 50154",,False,Kamis 08.00–21.00,,False,,,,,,,,2026-06-18T02:51:28.450778,False,898d88d2453ffff,kafe
0x2e705fba71650f35:0x53366ee6eba2b40e,"warung makan sido mulyo spesial nasi belut,soto,dan ikan panggang",-6.9714816,110.2923936,5.0,,Warung nasi,"Jl. Jend. Urip Sumoharjo No.km 16, RW.4, Mangkang Kulon, Kec. Ngaliyan, Kota Semarang, Jawa Tengah 50244",,False,Kamis 06.00–16.30,,False,,,,,,,,2026-06-18T02:51:29.132178,False,898d88d2457ffff,warung
0x2e708b50dd453ef9:0xe30845157a152e42,"Kedai rainbow ,JUICE & SMOOTHIES",-7.0538605,110.3936112,5.0,,Restoran,"Jl. Taman Siswa Gg. Pisang Raya No.29, RT.002/003, Sekaran, Kec. Gn. Pati, Kota Semarang, Jawa Tengah 50229",,False,Kamis Buka 24 jam,,False,,,,,,,,2026-06-18T02:51:31.234199,False,898d88d2453ffff,kedai
0x2e705fb112f4c7d7:0x1b8d8433eca3d780,Warung DEWA SEMBAKO 78,-6.96554,110.3068405,4.9,,Toko Swalayan,"Perum Graha Mutiara Jl. Raya Mangkang No.Kav No 78, RT.09/RW.02, Mangunharjo, Kec. Tugu, Kota Semarang, Jawa Tengah 50514",,False,Kamis 09.00–17.00,,False,,,,,,,,2026-06-18T02:51:31.951733,False,898d88d2453ffff,warung
0x2e705f8047bbd323:0x58f5c40e042da854,Ilfun warung sembako,-6.9635283,110.3029178,,,Restoran,"Jl. Panggung Dalem Jl. Santri, RT.06/RW.04, Mangunharjo, Kec. Tugu, Kota Semarang, Jawa Tengah 50154",,False,,,False,,,,,,,,2026-06-18T02:51:35.613308,False,898d88d2457ffff,warung
0x2e708b8c20f37167:0xef62f941f28b703b,Kedai Esport,-7.0442705,110.3948197,5.0,,Toko Game,"Gg. Nakula No.54, Sekaran, Kec. Gn. Pati, Kota Semarang, Jawa Tengah 50229",,False,Kamis Buka 24 jam,,False,,,,,,,,2026-06-18T02:51:36.259848,False,898d88d2453ffff,kedai
0x2e705feb1685405b:0xa713d3c127518cf1,Lintangcoffee2,-6.9615138,110.311144,5.0,,Kafe,"28Q6+9FR, Jl. Mangkang Wetan-Mangunharjo, Mangunharjo, Kec. Tugu, Kota Semarang, Jawa Tengah 50154",,False,Kamis 15.00–00.00,,False,,,,,,,,2026-06-18T02:51:36.266591,False,898d88d2453ffff,kafe
0x2e705fd3650a3171:0x6ab0bb3f0ff80a84,Nasi Rames & Bubur Ayam Bu Warni,-6.9701841,110.3053061,4.5,,Restoran Indonesia,"28H4+W4P, Jl. Mangkang Wetan-Mangunharjo, Mangunharjo, Kec. Tugu, Kota Semarang, Jawa Tengah 50154",,False,Kamis 05.00–16.00,,False,,,,,,,,2026-06-18T02:51:41.575250,False,898d88d2453ffff,warung
0x2e705f738cb6578f:0x5d769a133714bcc,Kedai Srimi,-6.9712729,110.313199,4.5,,Produsen makanan,"mangkang wetan tikung 04/02, Mangkang Wetan, Kec. Tugu, Kota Semarang, Jawa Tengah 50156",,False,Kamis 08.30–18.00,,False,,,,,,,,2026-06-18T02:51:41.579003,False,898d88d2453ffff,kedai
0x2e705f4c08a31af9:0xd898d9e2fc5d197b,Warung Kang Santri,-6.9709816,110.2972379,5.0,,Kafe,"27HW+JV5, Jl. Kyai Gilang, Kauman, Mangkang Kulon, Kec. Tugu, Kota Semarang, Jawa Tengah 50155",,False,Kamis 09.00–22.00,,False,,,,,,,,2026-06-18T02:51:41.581921,False,898d88d2457ffff,warung
0x2e7089850cc9b8f5:0xad3edec23dd30a88,Los Dol coffee,-7.0654231,110.3584282,4.6,,Kedai Kopi,"Nongkosawit, Kec. Gn. Pati, Kota Semarang, Jawa Tengah 50222",,False,Kamis Buka 24 jam,,False,,,,,,,,2026-06-18T02:51:41.616382,False,898d88d2453ffff,kafe
0x2e705f56b8f5334d:0xa0720d12a80e1740,Toko Top kopi IMZ,-6.9699897,110.2963509,5.0,,Kafe,"27JW+2G5, Mangkang Kulon, Kec. Tugu, Kota Semarang, Jawa Tengah 50155",,False,Kamis 09.00–17.00,,False,,,,,,,,2026-06-18T02:51:47.310565,False,898d88d2453ffff,kafe
0x2e708bc1aa875ddf:0xcf3cf13ecdde0349,Kedai Sus UNNES,-7.0436299,110.3914073,5.0,,Kafe,"Unes, Jl. Raya Banaran No.63, RT.01/RW.05, Sekaran, Kec. Gn. Pati, Kota Semarang, Jawa Tengah 50229",https://www.instagram.com/kedai_sus?igsh=MXMwZmI0cTR5NGplYQ==,False,Kamis 10.00–00.00,,False,,,,,,,,2026-06-18T02:51:47.314314,False,898d88d2453ffff,kedai
0x2e708b0068a6b8e5:0x6d340ea380cd05d2,Kedai Arjuna,-7.02897,110.4073626,5.0,,Restoran Keluarga,"Jl. Pawiyatan Luhur II No.66, Tinjomoyo, Kec. Banyumanik, Kota Semarang, Jawa Tengah 50262",,False,,,False,,,,,,,,2026-06-18T02:51:51.722246,False,898d88d2453ffff,kedai
0x2e705f002abf49fd:0xbf3a8c88c03dd86b,FIKA karaoke / warung mbak wik,-6.9669204,110.2876684,,,Kedai Kopi,"27MQ+63M, Mangkang Kulon, Kec. Tugu, Kota Semarang, Jawa Tengah 51372",,False,,,False,,,,,,,,2026-06-18T02:51:51.821000,False,898d88d2457ffff,warung
0x2e708bfc0f07f5d7:0xff26d1424eec4dd1,Kedai Tjita,-7.0535153,110.3959677,5.0,,Kedai Kopi,"Jl. Cemp. Sari Tim., Sekaran, Kec. Gn. Pati, Kota Semarang, Jawa Tengah 50229",,False,Kamis 17.00–00.00,,False,,,,,,,,2026-06-18T02:51:56.799653,False,898d88d2453ffff,kedai
0x2e708b0048c01327:0xb948273e83a304d9,KEDAI 98,-7.0299419,110.4120406,5.0,,Kedai Kopi,"Jl. Karangrejo Tengah No.98, Karangrejo, Kec. Gajahmungkur, Kota Semarang, Jawa Tengah 50231",,False,,,False,,,,,,,,2026-06-18T02:52:01.310279,False,898d88d2453ffff,kedai
0x2e708bd30f637de5:0xb93646fa6c2d9caf,Kedai Prakasa,-7.0056934,110.3962073,4.9,,Kedai Kopi,"Jl. Kelud Raya No.91, Bendan Ngisor, Kec. Gajahmungkur, Kota Semarang, Jawa Tengah 50237",,False,Kamis 08.00–03.00,,False,,,,,,,,2026-06-18T02:52:04.962185,False,898d88d2457ffff,kedai
0x2e708b1698917c1d:0x9079b239d6531653,Kedai Panorama x Abstrak,-7.0273932,110.3895683,4.8,,Restoran,"X9FQ+2RW, Jl. Kolonel HR Hadijanto, Sukorejo, Kec. Gn. Pati, Kota Semarang, Jawa Tengah 50221",,False,Kamis 19.00–03.00,,False,,,,,,,,2026-06-18T02:52:08.692711,False,898d88d2453ffff,kedai
0x2e708bd96de6d06b:0xaf11d0ff53ff44f0,angkringan mas tom's,-7.022446,110.4116148,5.0,,Restoran,"Jl. Rajabasa, Karangrejo, Kec. Gajahmungkur, Kota Semarang, Jawa Tengah 50232",,False,,,False,,,,,,,,2026-06-18T02:52:10.783027,False,898d88d2457ffff,angkringan
0x2e705f90eae95737:0x172c296ab0142c60,Warung makan kebon Pawon Penyet ayam dan bebek gembira,-6.9739836,110.2940127,4.8,,Rumah Makan,"Jl. Rowosari II, RT.07 RW01, Wonosari, Kec. Ngaliyan, Kota Semarang, Jawa Tengah 50244",,False,Kamis 07.00–22.00,,False,,,,,,,,2026-06-18T02:52:12.109727,False,898d88d2487ffff,warung
0x2e708bfe8fc99f8d:0x6330a8d34af5ea84,Kedai habibies,-7.0306901,110.4184468,5.0,,Dapur Umum,"XC99+P9G, Jl. Teuku Umar, Jatingaleh, Kec. Candisari, Kota Semarang, Jawa Tengah 50254",,False,Kamis Buka 24 jam,,False,,,,,,,,2026-06-18T02:52:15.508201,False,898d88d2453ffff,kedai
0x2e705fc4de62e423:0x2749a764e3e3c61f,Warung Makyam,-6.9697096,110.2983077,4.9,,Toko,"Jl. Kyai Gilang No.1, Mangkang Kulon, Kec. Tugu, Kota Semarang, Jawa Tengah 50155",,False,Kamis 06.00–22.00,,False,,,,,,,,2026-06-18T02:52:18.857119,False,898d88d2487ffff,warung
0x2e705f72f6ee2865:0xe04433b07e3ef906,Rumah Makan Dapoer Uthi Kaliwungu,-6.9681295,110.2849891,5.0,,Rumah Makan,"Jl. Pantura Semarang - Kendal No.Km. 17, Mlaten, Kaliwungu, Kec. Kendal, Kabupaten Kendal, Jawa Tengah 51372",,False,Kamis 10.00–21.00,,False,,,,,,,,2026-06-18T02:52:19.161149,False,898d88d2457ffff,rumah makan
0x2e705f15774f51d5:0xb533ae683e6ef7c9,Angkringan & Seblak Prasmanan Mas Chill,-6.9756214,110.3037695,5.0,,Restoran,"Wonosari, Kec. Ngaliyan, Kota Semarang, Jawa Tengah 50244",,False,Kamis 09.00–17.00,,False,,,,,,,,2026-06-18T02:52:19.181766,False,898d88d2457ffff,angkringan
0x2e708b001fe1c9e7:0x77b8dfe9f47a3365,"Kedai Koteka (Kopi, Teh, Kakao)",-7.0325561,110.3789915,4.6,,Kedai Kopi,"Kampung Sengon, Perum Taman Puri Sartika, Sukorejo, Kec. Gn. Pati, Kota Semarang, Jawa Tengah 50221",https://www.instagram.com/kedai.koteka?igsh=Mm1zbTZhNWpiaXd6,False,Kamis 11.00–23.00,,False,,,,,,,,2026-06-18T02:52:26.020887,False,898d88d2453ffff,kedai
0x2e705f0012cc35df:0x68a544f692a097d5,WARUNG PENYET,-6.9730873,110.29646,5.0,,Restoran,"27GW+QH8, Rowosari, Kec. Ngaliyan, Kota Semarang, Jawa Tengah 50244",,False,Kamis 16.00–23.00,,False,,,,,,,,2026-06-18T02:52:26.094846,False,898d88d2487ffff,warung
0x2e708bc59dc1a9a1:0xf26b3485d3126c01,Burjo Saung Kabayan,-7.045394,110.391464,4.5,,Restoran Sunda,"Jl. Taman Siswa No.12, Sekaran, Kec. Gn. Pati, Kota Semarang, Jawa Tengah 50229",,False,Kamis Buka 24 jam,,False,,,,,,,,2026-06-18T02:52:28.572306,False,898d88d2457ffff,rumah makan
0x2e705fc64a592487:0xfe9e06a4e69a01dd,"ANGKRINGAN ""BU SUM"" Uenak",-6.9687781,110.2865979,,,Kedai Kopi,"Wonosari, Kec. Ngaliyan, Kota Semarang, Jawa Tengah 50244",http://www.angkringanwenak.com/,False,Kamis 08.00–00.00,,False,,,,,,,,2026-06-18T02:52:28.783677,False,898d88d2457ffff,angkringan
0x2e705f6f4f67137f:0x7bcb978449abf23c,Terminal Kahve,-6.9685232,110.289098,5.0,,Kedai Kopi,"27JQ+JJH, Mangkang Kulon, Kec. Tugu, Kota Semarang, Jawa Tengah 50155",,False,Kamis 09.30–22.00,,False,,,,,,,,2026-06-18T02:52:30.169629,False,898d88d2487ffff,kafe
0x2e705f00060675e5:0x234c509fe952bab6,Kedai Tri Anto,-6.9701805,110.3037231,,,Kedai Sarapan & Makan Siang,"28H3+WF6, Mangunharjo, Kec. Tugu, Kota Semarang, Jawa Tengah 50154",,False,,,False,,,,,,,,2026-06-18T02:52:30.978438,False,898d88d2453ffff,kedai
0x2e705f0022846971:0xb51fc397d5152239,Warung makan sederhana E.E.G Sanhar 87,-6.9726556,110.2950036,5.0,,Restoran Indonesia,"27GW+V23, Wonosari, Kec. Ngaliyan, Kota Semarang, Jawa Tengah 50244",,False,Kamis 10.00–20.00,,False,,,,,,,,2026-06-18T02:52:32.417982,False,898d88d2487ffff,warung
0x2e708b0066e33ad9:0x9641822411cbb87a,Kedai pinarak,-7.0551786,110.3982649,4.2,,Restoran,"W9VX+W8C, Sekaran, Kec. Gn. Pati, Kota Semarang, Jawa Tengah 50229",,False,,,False,,,,,,,,2026-06-18T02:52:35.179115,False,898d88d2453ffff,kedai
0x2e708b7a04ab5317:0x10c955a67dc6964f,Angkringan PITOELAS 17,-6.9832622,110.3686141,4.5,,Kafe,"Jl. Hanoman Raya No.17, Krapyak, Kec. Semarang Barat, Kota Semarang, Jawa Tengah 50146",https://sites.google.com/view/angkringan-pitoelas,False,Kamis Buka 24 jam,,False,,,,,,,,2026-06-18T02:52:36.253501,False,898d88d2457ffff,angkringan
0x2e708b8247970403:0x184b3d30af852a47,Rumah Makan Selera Indonesia,-7.0180556,110.4186111,4.5,,Restoran Prasmanan,"Jl. Sultan Agung No.117, Gajahmungkur, Kec. Gajahmungkur, Kota Semarang, Jawa Tengah 50232",,False,Kamis 08.00–17.00,,False,,,,,,,,2026-06-18T02:52:36.316158,False,898d88d2457ffff,rumah makan
0x2e705fd048fa4e71:0x5ce2fb238584a1f7,Warung Makan Berkah,-6.972837,110.2928098,5.0,,Warung nasi,"Jl. Rowosari No.10, RT03/01Wonosari, Kec. Ngaliyan, Kota Semarang, Jawa Tengah 50279",,False,Kamis 06.16–20.17,,False,,,,,,,,2026-06-18T02:52:39.746612,False,898d88d2487ffff,warung
0x2e705fdbaf5aaaaf:0x901c88b09dfa6d24,Waroeng Kopi Cangkroek,-6.9738179,110.2987892,4.4,,Kafe,"Jl. Jend. Urip Sumoharjo, Wonosari, Kec. Ngaliyan, Kota Semarang, Jawa Tengah 50244",,False,Kamis Tutup,,False,,,,,,,,2026-06-18T02:52:42.078892,False,898d88d2487ffff,kafe
0x2e708b0f595c815b:0x2223b4db74009c24,"Warung Makan Sederhana ""Bu Wiwi""",-7.0114986,110.3909196,4.3,,Restoran Jawa,"Jalan Menoreh Raya No. 88, Samping Kantor Pos Sampangan, Kel, Sampangan, Kec. Gajahmungkur, Kota Semarang, Jawa Tengah 50236",,False,Kamis Buka 24 jam,,False,,,,,,,,2026-06-18T02:52:43.405197,False,898d88d2457ffff,rumah makan
0x2e705fb5779f4f47:0x5d8e39e6174b7585,Angkringan mas gajah,-6.9734294,110.3074293,5.0,,Warung nasi,"Jl. Kuda, RT.03 RW07, Wonosari, Kec. Ngaliyan, Kota Semarang, Jawa Tengah 50181",,False,Kamis 17.00–03.00,,False,,,,,,,,2026-06-18T02:52:43.414877,False,898d88d2457ffff,angkringan
0x2e705fdabf6a25c5:0x7d30e052a08d96f1,Warung Makan Mak Bik,-6.9719018,110.2965874,4.4,,Restoran Jawa,"27HW+6JP, Jl. Kyai Gilang, Kauman, Mangkang Kulon, Kec. Tugu, Kota Semarang, Jawa Tengah 50155",,False,Kamis 11.00–18.00,,False,,,,,,,,2026-06-18T02:52:44.944586,False,898d88d2487ffff,warung
0x2e705fe0120a18d5:0x5bdb4011df8c3f2f,HALILINTAR snack,-6.9709058,110.2971047,5.0,,Kafe,"27HW+JRQ, Jl. Kyai Gilang, Mangkang Kulon, Kec. Tugu, Kota Semarang, Jawa Tengah 50155",,False,Kamis 06.00–18.00,,False,,,,,,,,2026-06-18T02:52:52.595779,False,898d88d2487ffff,kafe
0x2e705fef69761907:0x9fe853843fc4e5b1,Warung Makan Mbak Dwi,-6.9739296,110.2980146,5.0,,Kedai Kopi,"Jl. Raya Mangkang No.Raya, Wonosari, Kec. Ngaliyan, Kota Semarang, Jawa Tengah 50186",,False,Kamis Buka 24 jam,,False,,,,,,,,2026-06-18T02:52:52.964929,False,898d88d2487ffff,warung
0x2e705f1bbe7e9b2b:0x9eb61f2d72b39d04,Werehouse kopi yektos.id,-6.9718433,110.2965835,,,Kedai Kopi,"Jl. Irigasi Utara Jl. Kyai Gilang Kauman No.18, RT./Rw/RW.02/04, Mangkang Kulon, Kec. Tugu, Kota Semarang, Jawa Tengah 50155",,False,Kamis Buka 24 jam,,False,,,,,,,,2026-06-18T02:52:53.093895,False,898d88d2487ffff,kedai
0x2e705fce0da721f9:0x6b15beaa3c85c628,Kedai Bunda Tata,-6.9700554,110.2897593,5.0,,Kafe,"Wonosari, Kec. Ngaliyan, Kota Semarang, Jawa Tengah",,False,,,False,,,,,,,,2026-06-18T02:53:02.852074,False,898d88d2487ffff,kedai
0x2e705fdbf9aaa8bb:0xa1d2fffb853fd804,D'paulista Angkringan X Takoyaki,-6.9681457,110.2852311,,,Toko Makanan Sehat,"27JP+P3X, Jl. Pantura Semarang - Kendal, Mlaten, Sumberejo, Kec. Kaliwungu, Kabupaten Kendal, Jawa Tengah 51372",,False,,,False,,,,,,,,2026-06-18T02:53:05.289297,False,898d88d2487ffff,angkringan
0x2e705fd08836fc7f:0x8f116fc50ac36939,Kedai Dhahar Mbak Pin Kuliner Nusantara,-6.9738696,110.2940765,5.0,,Restoran,"Jl. Rowosari II No.9, RT.10/RW.1, Kelurahan Wonosari, Ngaliyan, Mangkang, Wonosari, Kec. Ngaliyan, Kota Semarang, Jawa Tengah 50244",,False,Kamis 16.00–22.00,,False,,,,,,,,2026-06-18T02:53:05.295341,False,898d88d2487ffff,warung
0x2e705fce121b3a7f:0x41cb18ec266bbe43,Shelter Taman Wonosari Semarang,-6.9698459,110.289792,,,Kafe,"27JQ+3W7, Wonosari, Kec. Ngaliyan, Kota Semarang, Jawa Tengah 50244",,False,,,False,,,,,,,,2026-06-18T02:53:08.067398,False,898d88d2487ffff,kafe
0x2e705fe512767d7b:0x250bcac880c236f5,Kedai Ayam Mludruk,-6.972043,110.289874,5.0,,Restoran Masakan Ayam,"Jalan Wonosari No.RT 06, RT.01/RW.12, Mlaten, Sumberejo, Kec. Ngaliyan, Kota Semarang, Jawa Tengah 50244",,False,Kamis 15.00–21.00,,False,,,,,,,,2026-06-18T02:53:09.631525,False,898d88d2487ffff,kedai
0x2e705f00053124ad:0x6ac759c2bed7ec88,RM HIDAYAH MANGKANG,-6.96853,110.289275,5.0,,Rumah Makan,"27JQ+HPW, Mangkang Kulon, Kec. Tugu, Kota Semarang, Jawa Tengah 50155",,False,Kamis 15.00–03.00,,False,,,,,,,,2026-06-18T02:53:11.607585,False,898d88d2487ffff,rumah makan
0x2e705fc1602616c5:0x677488fc207a10a8,Warung seafood semarang,-6.9738605,110.2953377,5.0,,Restoran Seafood,"Jl. Rowosari I, Wonosari, Kec. Ngaliyan, Kota Semarang, Jawa Tengah 50244",,False,Kamis 09.00–21.00,,False,,,,,,,,2026-06-18T02:53:13.352864,False,898d88d2487ffff,warung
0x2e705f2d54a4b90b:0x36905cfa56409469,Rumah AL,-6.9673495,110.2879314,,,Kedai Sarapan & Makan Siang,"27MQ+454, Mangkang Kulon, Kec. Tugu, Kota Semarang, Jawa Tengah 50155",,False,Kamis 18.30–21.00,,False,,,,,,,,2026-06-18T02:53:13.433776,False,898d88d2487ffff,kafe
0x2e705fdc65218449:0xbceb385cc9d9cd83,Kedai Makan Abrisam 1932,-6.9736373,110.3019219,5.0,,Restoran,"Wonosari, Kec. Ngaliyan, Kota Semarang, Jawa Tengah",,False,,,False,,,,,,,,2026-06-18T02:53:15.992779,False,898d88d2487ffff,kedai
0x2e705fa0f1eccdfd:0xba862eedf38eb3aa,Angkringan Mas Bagas,-6.9731621,110.3050838,4.5,,Kafe,"28G4+P2P, Wonosari, Kec. Ngaliyan, Kota Semarang, Jawa Tengah 50244",,False,Kamis Tutup,,False,,,,,,,,2026-06-18T02:53:19.181500,False,898d88d2487ffff,angkringan
0x2e705f256df1c793:0x30ead1898775d3fa,Soto Bathok Rindu Alam,-6.9700281,110.2897418,5.0,,Kedai Sarapan,"27HQ+XVQ, Wonosari, Kec. Ngaliyan, Kota Semarang, Jawa Tengah 50244",,False,Kamis Buka 24 jam,,False,,,,,,,,2026-06-18T02:53:19.274602,False,898d88d2487ffff,warung
0x2e705fcc567061af:0xbe1025225d89fbbe,Warung Lesehan Ninuk,-6.9684555,110.2867309,5.0,,Rumah Makan,"27JP+JM9, Jl. Pantura Semarang - Kendal, Mlaten, Sumberejo, Kec. Kaliwungu, Kabupaten Kendal, Jawa Tengah 51372",,False,Kamis 08.00–20.00,,False,,,,,,,,2026-06-18T02:53:19.281722,False,898d88d2487ffff,rumah makan
0x2e705f59e4e4afbd:0xc23c3d864663d884,Kedai Densus 24,-6.9755808,110.3019138,5.0,,Toko Makanan,"Jl. Kemantren, RT/RW 002/004, Wonosari, Kec. Ngaliyan, Kota Semarang, Jawa Tengah 50244",,False,Kamis 10.00–22.00,,False,,,,,,,,2026-06-18T02:53:21.781090,False,898d88d2487ffff,kedai
0x2e705fdac7b218ed:0x949757db556320f9,Ice Juice & Soup Buah ARJUNA,-6.9713712,110.297046,5.0,,Kafe,"27HW+CRV, Jl. Kyai Gilang Kauman, Mangkang Kulon, Kec. Tugu, Kota Semarang, Jawa Tengah 50155",,False,Kamis 09.00–21.00,,False,,,,,,,,2026-06-18T02:53:22.064494,False,898d88d2487ffff,kafe
0x2e705f2986589e7f:0xda585d4ca4a985ef,waroeng makan bu Suwati,-6.9728153,110.2941184,5.0,,Restoran,"27GV+VJH, Wonosari, Kec. Ngaliyan, Kota Semarang, Jawa Tengah 50244",,False,Kamis 05.00–23.00,,False,,,,,,,,2026-06-18T02:53:24.788607,False,898d88d2487ffff,rumah makan
0x2e705fce0cedc93f:0xb6ef86c804b26a62,Warung Penyet Bu iin,-6.9700904,110.2898651,4.1,,Restoran Jawa,"27HQ+XW9, Jalan Raya Mangkang, Mangkang Kulon, Ngaliyan, Wonosari, Kec. Ngaliyan, Kota Semarang, Jawa Tengah 50186",,False,Kamis 07.00–17.00,,False,,,,,,,,2026-06-18T02:53:30.850380,False,898d88d2487ffff,rumah makan
0x2e705fdb81466b77:0x45280d141c770ac5,Warteg Bahari,-6.973435,110.300794,4.7,,Warung tegal,"28G2+J8F, Jalan Raya Mangkang, Mangkang Wetan, Tugu, Mangunharjo, Kec. Tugu, Kota Semarang, Jawa Tengah 50156",,False,Kamis 06.00–22.00,,False,,,,,,,,2026-06-18T02:53:34.768194,False,898d88d2493ffff,warung
0x2e705f93df57f421:0x277b8493836c542,Sulimah,-6.9687532,110.2983064,5.0,,Kedai Sarapan & Makan Siang,"27JX+F8V, Jl. Kyai Gilang, Mangkang Kulon, Kec. Tugu, Kota Semarang, Jawa Tengah 50155",,False,Kamis Buka 24 jam,,False,,,,,,,,2026-06-18T02:53:37.072762,False,898d88d2493ffff,kafe
0x2e705f002ff17297:0x8d8256c2bbde661c,Sego sambel garage,-6.9713664,110.2971821,5.0,,Warung nasi,"Jl. Irigasi Utara No.31, RT.2/RW.4, Mangkang Kulon, Kec. Tugu, Kota Semarang, Jawa Tengah 50155",,False,Kamis 17.00–22.00,,False,,,,,,,,2026-06-18T02:53:40.588809,False,898d88d2493ffff,warung
0x2e705fd1b2586229:0x7b0e3e14b4db102f,Warung D Mini,-6.9728413,110.2919672,5.0,,Restoran atau Kafe,"Wonosari, Kec. Ngaliyan, Kota Semarang, Jawa Tengah",,False,,,False,,,,,,,,2026-06-18T02:53:41.875851,False,898d88d2487ffff,warung
0x2e705f92f19cc6b5:0x7f5820a09daa32bf,IQBAL CAFE,-6.9691136,110.299968,,,Kafe,"Jl. Santri No.Rt05/04, Mangunharjo, Kec. Tugu, Kota Semarang, Jawa Tengah 50154",,False,Kamis 07.00–21.00,,False,,,,,,,,2026-06-18T02:53:42.357788,False,898d88d2493ffff,kafe
0x2e705fc738c57255:0xa29e0bcbe52c33ac,"Kedai Coffee lelet ""Wahyu""",-6.9755905,110.3036579,5.0,,Kafe,"28F3+QF7, Jl. Gg. 3, Wonosari, Kec. Ngaliyan, Kota Semarang, Jawa Tengah 50244",,False,Kamis 09.00–17.00,,False,,,,,,,,2026-06-18T02:53:44.089774,False,898d88d2493ffff,kedai
0x2e705f0c750ae417:0xdba628565f5c433a,"WARUNG MAKAN PRASMANAN ""MBAK NUR"" MANGKANG",-6.9731512,110.3030757,4.7,,Restoran Prasmanan,"Mangunharjo, Kec. Tugu, Kota Semarang, Jawa Tengah 50154",,False,Kamis 09.30–16.00,,False,,,,,,,,2026-06-18T02:53:44.307672,False,898d88d2493ffff,rumah makan
0x2e705f6995f3cbbd:0x8a30cdb223606e25,AMANAH,-6.969283,110.3000837,5.0,,Kedai Teh,"28J2+72P, Jl. Cisadane Barat, Mangunharjo, Kec. Tugu, Kota Semarang, Jawa Tengah 50154",,False,,,False,,,,,,,,2026-06-18T02:53:49.435175,False,898d88d2493ffff,kedai
0x2e705fa1c12dc31d:0x5b1f2a34b90d319c,NASI GORENG BANG KHAFID,-6.9710587,110.2971772,4.8,,Restoran Nasi Goreng,"Jl. Kyai Gilang Kauman No.31, Mangkang Kulon, Kec. Tugu, Kota Semarang, Jawa Tengah 50155",,False,,,False,,,,,,,,2026-06-18T02:53:49.451954,False,898d88d2493ffff,rumah makan
0x2e705fdb83ea66f1:0x70b9f896946fb629,WR. Sate Kambing Pak Ali Mangkang,-6.9736492,110.3020648,4.9,,Restoran Sate,"Sebelah Pabrik Toha Putra, Jl. Gotong Royong, Mangunharjo, Kec. Tugu, Kota Semarang, Jawa Tengah 50155",,False,Kamis 09.00–22.00,,False,,,,,,,,2026-06-18T02:53:50.964516,False,898d88d2493ffff,warung
0x2e705f75620b73ad:0xa9fdf8cd66674ff8,KONGKOW PERTELON STASIUN MANGKANG,-6.9714265,110.3044751,5.0,,Kafe,"28H3+CQH, Jl. Bangetayu Wetan, RT.04/RW.02, Mangunharjo, Kec. Tugu, Kota Semarang, Jawa Tengah 50154",,False,Kamis Tutup,,False,,,,,,,,2026-06-18T02:53:51.042877,False,898d88d2493ffff,kafe
0x2e705f2f2f85480f:0x83e3595b1d7c8e93,D'BOBA LOVE STORY,-6.9737362,110.2984293,4.5,,Kafe,"Jl. Jend. Urip Sumoharjo No.KM 15, Wonosari, Kec. Ngaliyan, Kota Semarang, Jawa Tengah 50244",,False,Kamis 13.00–21.00,,False,,,,,,,,2026-06-18T02:53:56.642381,False,898d88d2493ffff,kafe
0x2e705fdc5fd10e7b:0x54a085e0f14483d1,Angkringan Rock N Roll,-6.9732671,110.3018382,,,Restoran,"Jl. Jend. Urip Sumoharjo No.28, Wonosari, Kec. Tugu, Kota Semarang, Jawa Tengah 50244",,False,,,False,,,,,,,,2026-06-18T02:53:56.753997,False,898d88d2493ffff,angkringan
0x2e705faf9fe71791:0xef267f642bf3d3f0,Soto Sapi Sodaqoh,-6.9710805,110.2972388,5.0,,Restoran soto,"Jl. Kyai Gilang Kauman No.31, Mangkang Kulon, Kec. Tugu, Kota Semarang, Jawa Tengah 50155",,False,Kamis 06.00–15.00,,False,,,,,,,,2026-06-18T02:53:56.868540,False,898d88d2493ffff,warung
0x2e705fc359461d81:0xd1fa86391265b066,Kedai Ghanies™,-6.9730666,110.3023414,,,Rumah Makan,"Jl. Gotong Royong, RT.02/RW.3, Mangunharjo, Kec. Tugu, Kota Semarang, Jawa Tengah 50514",,False,Kamis 07.00–23.00,,False,,,,,,,,2026-06-18T02:53:56.974127,False,898d88d2493ffff,kedai
0x2e705f004da222bf:0x2b56243dc8a7ec56,Angkringan airin,-6.9742773,110.3042733,,,Restoran Keluarga,"28G3+7PJ, Jl. Dondong, Wonosari, Kec. Ngaliyan, Kota Semarang, Jawa Tengah 50244",,False,,,False,,,,,,,,2026-06-18T02:54:01.502191,False,898d88d2493ffff,angkringan
0x2e705f007ac99d13:0x3a60a07a7bbfc3e4,KEDAI SEBLAK ANDOL,-6.967656,110.299284,5.0,,Kedai Sarapan & Makan Siang,"27JX+XG4, Mangkang Kulon, Kec. Tugu, Kota Semarang, Jawa Tengah 50155",,False,,,False,,,,,,,,2026-06-18T02:54:01.544954,False,898d88d2493ffff,kedai
0x2e705f00105cb669:0x6302705fb40338c6,Candr snack,-6.9726373,110.2946894,5.0,,Pusat jajanan kaki lima,"27GV+WVW, Jl rowosari ll, RT.1/RW.tw 01, Wonosari, Kec. Ngaliyan, Kota Semarang, Jawa Tengah 50244",,False,Kamis 09.00–21.00,,False,,,,,,,,2026-06-18T02:54:02.617514,False,898d88d2493ffff,kafe
0x2e705f56dba887a7:0x6c2f0a09ef949725,Waroeng Ijo 57,-6.9734799,110.2924658,4.2,,Restoran,"Jl. Gn. Jati Raya No.I 1, Wonosari, Kec. Ngaliyan, Kota Semarang, Jawa Tengah 50244",,False,Kamis 19.28–01.00,,False,,,,,,,,2026-06-18T02:54:02.666002,False,898d88d2493ffff,warung
0x2e705f6d6753ea09:0xf2a46dfebfa280c8,melmel geprek fried chicken,-6.969652,110.298095,5.0,,Restoran ayam penyet,"Mangkang Kulon, Kec. Tugu, Kota Semarang, Jawa Tengah 50156",,False,Kamis 11.00–21.00,,False,,,,,,,,2026-06-18T02:54:03.855797,False,898d88d2493ffff,rumah makan
0x2e705fdd75ce99d3:0x38d47cc61933a6ef,ANGKRINGAN LEK MAD,-6.9728299,110.305871,,,Kafe,"Mangkang Wetan, Kec. Tugu, Kota Semarang, Jawa Tengah",,False,,,False,,,,,,,,2026-06-18T02:54:05.195489,False,898d88d2493ffff,angkringan
0x2e705f005aa581d9:0xab7399a97b23f8f9,Bubur Ayam Cak Edy,-6.9683535,110.2998258,5.0,,Warung Makanan Kecil,"Jl. Santri No.Rt05/04, Mangunharjo, Kec. Tugu, Kota Semarang, Jawa Tengah 50154",,False,Kamis 05.00–09.00,,False,,,,,,,,2026-06-18T02:54:08.091536,False,898d88d2493ffff,warung
0x2e705f6cd82d0893:0xfcf289b17cb88246,"Es buah""SEGER BAROKAH""",-6.9693752,110.299906,4.8,,Kedai Jus,"27JX+6XR, Jl. Cisadane Barat, Mangkang Kulon, Kec. Tugu, Kota Semarang, Jawa Tengah 50155",,False,Kamis 08.00–21.00,,False,,,,,,,,2026-06-18T02:54:13.386528,False,898d88d2493ffff,kafe
0x2e705f36004c0ab5:0x2ed9ba72e887af9b,Warung Buk Mul.,-6.9750314,110.2993498,4.6,,Kafe,"27FX+XPQ, Wonosari, Kec. Ngaliyan, Kota Semarang, Jawa Tengah 50244",,False,Kamis 09.00–20.30,,False,,,,,,,,2026-06-18T02:54:21.018307,False,898d88d2497ffff,warung
0x2e705fdac630b2e5:0xb3ddd8b351e4325b,Kondang Fried Chicken,-6.971245,110.2970323,4.0,,Restoran takeaway ayam goreng,"27HW+GR3, Jl. Kyai Gilang, Kauman, Mangkang Kulon, Kec. Tugu, Kota Semarang, Jawa Tengah 50155",,False,Kamis 10.30–21.00,,False,,,,,,,,2026-06-18T02:54:25.352762,False,898d88d2497ffff,rumah makan
0x2e705f00401d61fb:0x6a98ee2230c5c1c,Warung Makan Mbak Ana,-6.9715993,110.3043715,4.8,,Restoran ayam penyet,"28H3+9R9, Jl. Mangkang Wetan, RT.01/RW.01, Mangunharjo, Kec. Tugu, Kota Semarang, Jawa Tengah 50154",,False,,,False,,,,,,,,2026-06-18T02:54:26.127688,False,898d88d249bffff,warung
0x2e705f0ebb142091:0xea8a8a184f01e6e4,Warung Makan & Sembako Bu Sri,-6.974845,110.297852,5.0,,Restoran,"Rt.05, Jl. Plumbon II No.28, Wonosari, Kec. Ngaliyan, Kota Semarang, Jawa Tengah 50244",,False,Kamis Tutup,,False,,,,,,,,2026-06-18T02:54:27.392342,False,898d88d2497ffff,warung
0x2e705f0037a700af:0xf38a2eab70057543,NESCAFE MANGKANG,-6.9732095,110.302954,2.0,,Kedai Kopi,"28G3+P58, Mangunharjo, Kec. Tugu, Kota Semarang, Jawa Tengah 50154",,False,,,False,,,,,,,,2026-06-18T02:54:27.557634,False,898d88d249bffff,kafe
0x2e705fda8dc5fe9b:0x6c4209c649de8393,Waroeng Idjo,-6.9728464,110.2963316,4.0,,Restoran,"No Jl. Jend. Urip Sumoharjo No.28, Wonosari, Kec. Ngaliyan, Kota Semarang, Jawa Tengah 50244",,False,,,False,,,,,,,,2026-06-18T02:54:29.773766,False,898d88d2497ffff,rumah makan
0x2e705f2fe7f8c645:0x7ec6ce33348f07c6,Moi Chicken,-6.9633573,110.3026432,5.0,,Restoran takeaway ayam goreng,"Gg. Santri XIV, Mangunharjo, Kec. Tugu, Kota Semarang, Jawa Tengah 50155",,False,Kamis Tutup,,False,,,,,,,,2026-06-18T02:54:31.736164,False,898d88d249bffff,warung
0x2e705fbbc3133063:0xa50690273589cf7f,JOJO DRINK,-6.97024,110.30544,4.5,,Kedai Kopi,"28H4+W54, Jl. Mangkang Wetan-Mangunharjo, Mangkang Wetan, Kec. Tugu, Kota Semarang, Jawa Tengah 50156",https://www.instagram.com/jj.drink_?igsh=MTkwNzJra2gzc2loag==,False,Kamis 09.00–21.00,,False,,,,,,,,2026-06-18T02:54:32.730242,False,898d88d249bffff,kafe
0x2e705f036666bb3b:0x1c4a1e801def06a6,Sabana Mangkang,-6.9736994,110.2981563,4.3,,Restoran,"Jl. Jend. Urip Sumoharjo Jl. Plumbon Kidul, Wonosari, Kec. Ngaliyan, Kota Semarang, Jawa Tengah 50186",,False,Kamis 06.30–20.00,,False,,,,,,,,2026-06-18T02:54:32.739409,False,898d88d2497ffff,warung
0x2e705faa3950bf6d:0x8006f1d86b592e81,Warung Bumbu Pak Tarmuji,-6.972893,110.295037,5.0,,Rumah Makan,"27GW+R2V, Wonosari, Kec. Ngaliyan, Kota Semarang, Jawa Tengah 50244",,False,,,False,,,,,,,,2026-06-18T02:54:36.942856,False,898d88d2497ffff,warung
0x2e705f996accc827:0x661788549410165a,MUMBUL CATERING,-6.9671168,110.2896294,5.0,,Restoran,"Jl. Gg. Mekar Sari Tengah, Mangkang Kulon, Kec. Tugu, Kota Semarang, Jawa Tengah 50155",,False,Kamis Buka 24 jam,,False,,,,,,,,2026-06-18T02:54:38.113135,False,898d88d2497ffff,rumah makan
0x2e705f5ab526c731:0x67e5822a17cf7b02,Tahu Pecel & Cafe meong,-6.9698852,110.3030185,4.3,,Kafe,"Jl. Cisadane Barat, Mangunharjo, Kec. Tugu, Kota Semarang, Jawa Tengah 50154",,False,Kamis 07.30–02.00,,False,,,,,,,,2026-06-18T02:54:38.129463,False,898d88d249bffff,kafe
0x2e705f3866df7f47:0x79f84704b0c14c00,Warung BU YAHYA,-6.9753617,110.2929859,5.0,,Dapur Umum,"Jl. Gn. Jati Utara II No.62, Wonosari, Kec. Ngaliyan, Kota Semarang, Jawa Tengah 50244",,False,Kamis 06.00–14.00,,False,,,,,,,,2026-06-18T02:54:42.133915,False,898d88d2497ffff,warung
0x2e705fe78797ea53:0xd5883f819007f45d,Angkringan Babe,-6.9735722,110.3072749,5.0,,Kafe,"Wonosari, Kec. Ngaliyan, Kota Semarang, Jawa Tengah",,False,,,False,,,,,,,,2026-06-18T02:54:42.544540,False,898d88d2497ffff,angkringan
0x2e705f0055751fe7:0x7c37ab09ad2a4a94,MAFIA ROKOK Mangkang,-6.9701151,110.3047694,5.0,,Kedai Kopi,"28H3+XW2, Jl. Cisadane Barat, Mangunharjo, Kec. Tugu, Kota Semarang, Jawa Tengah 50154",,False,Kamis 13.00–22.22,,False,,,,,,,,2026-06-18T02:54:44.549781,False,898d88d249bffff,kafe
0x2e705f006b7c9503:0x2c82be6d6e16b9f7,Warung Makan De-Dan,-6.9745376,110.2935175,,,Kedai Sarapan & Makan Siang,"Jl. Rowosari II No.4, Wonosari, Kec. Ngaliyan, Kota Semarang, Jawa Tengah 50244",,False,,,False,,,,,,,,2026-06-18T02:54:46.094014,False,898d88d2497ffff,warung
0x2e705fb1464c4647:0xfd8fee4598f15467,Angkringan Candu 86,-6.9687834,110.3062499,,,Kafe,"28J4+FFQ, Jl. Mangkang Wetan-Mangunharjo, Mangunharjo, Kec. Tugu, Kota Semarang, Jawa Tengah 50154",,False,Kamis 12.00–01.00,,False,,,,,,,,2026-06-18T02:54:50.616004,False,898d88d2497ffff,angkringan
0x2e705fcc6ca40cbf:0x1462974b4e3f781,Warung Makan Swike,-6.9664455,110.2884186,3.8,,Restoran,"Mangkang Kulon, Kec. Tugu, Kota Semarang, Jawa Tengah",,False,Kamis 09.00–22.00,,False,,,,,,,,2026-06-18T02:54:51.178525,False,898d88d2497ffff,warung
0x2e705f24844d498f:0xced18e48ef787b93,SOTO GAUL,-6.9682084,110.2998671,5.0,,Restoran Soto Ayam,"Jl. Santri No.Rt05/04, Mangunharjo, Kec. Tugu, Kota Semarang, Jawa Tengah 50154",,False,,,False,,,,,,,,2026-06-18T02:54:55.996964,False,898d88d249bffff,rumah makan
0x2e705fda8f5d4e25:0x333ab65b0634c5c2,WM Bu Rokimah,-6.9729937,110.2960368,5.0,,Restoran Jawa,"27GW+RC3, Jl. Rowosari I, Wonosari, Kec. Ngaliyan, Kota Semarang, Jawa Tengah 50244",,False,Kamis 07.00–20.30,,False,,,,,,,,2026-06-18T02:54:57.836429,False,898d88d2497ffff,warung
0x2e705f004a3b35b9:0x7a86ced955b07528,Warung Makan Lumintu,-6.9694307,110.3059923,3.8,,Restoran,"Mangkang Wetan, Kec. Tugu, Kota Semarang, Jawa Tengah 50154",,False,Kamis 05.30–00.00,,False,,,,,,,,2026-06-18T02:55:01.513018,False,898d88d249bffff,rumah makan
0x2e705fe5b42756db:0x1d3643f0e28e822c,Warung Risky,-6.9755659,110.2980392,5.0,,Restoran,"Jl. Plumbon II No.28, Wonosari, Kec. Ngaliyan, Kota Semarang, Jawa Tengah 50244",,False,Kamis 09.00–22.00,,False,,,,,,,,2026-06-18T02:55:04.938883,False,898d88d2497ffff,warung
0x2e705f469809b9c5:0xfdc93ce5e5e4a561,soto GLEWOR,-6.9689582,110.2985637,5.0,,Restoran Soto Ayam,"27JX+CC8, Jl. Kyai Gilang, Mangkang Kulon, Kec. Tugu, Kota Semarang, Jawa Tengah 50155",,False,Kamis 05.00–13.30,,False,,,,,,,,2026-06-18T02:55:09.622677,False,898d88d249bffff,rumah makan
0x2e705fda9af114cf:0x64516a83c65a9ff8,WARUNG KYESHA,-6.9726703,110.2957577,4.0,,,"Mangkang Kulon, Kec. Tugu, Kota Semarang, Jawa Tengah",,False,,,False,,,,,,,,2026-06-18T02:55:09.930091,False,898d88d2497ffff,warung
0x2e705fc8c70e3ae7:0x2f76117151a41cc2,Omah kopi rempah bang kecek,-6.9703552,110.290898,,,Kedai Kopi,"ngebruk, Jl. Raya Mangkang, RT.3/RW.1, Mangunharjo, Kec. Ngaliyan, Kota Semarang, Jawa Tengah 50154",,False,,,False,,,,,,,,2026-06-18T02:55:17.353972,False,898d88d24b3ffff,kedai
0x2e705f72197ca917:0xb5666bf51b369144,Dimsum Nini,-6.9692116,110.2989938,5.0,,Restoran Dim Sum,"Jl. Krajan No.1, RT.2/RW.3, Mangkang Kulon, Kec. Tugu, Kota Semarang, Jawa Tengah 50156",,False,Kamis 16.00–21.00,,False,,,,,,,,2026-06-18T02:55:17.567182,False,898d88d2497ffff,warung
0x2e705fb0a657f8b7:0x109b71c1fcb5bc1f,cafe new goodyear,-6.9682862,110.2879541,,,Kafe,"27JQ+M5P, Jl. Raya Mangkang kulon, RT.01/RW.06, Mangkang Kulon, Kec. Tugu, Kota Semarang, Jawa Tengah 51372",,False,,,False,,,,,,,,2026-06-18T02:55:59.972767,False,898d88d24b3ffff,kafe
0x2e705f003cca64b5:0x26e13e3b08e54ebf,Ayam dan Bebek Goreng Berkah Akbar Bang Amin 01,-6.9700131,110.2898099,5.0,,Restoran Masakan Ayam,"Shelter Rest Area TAWON SEMAR, Jl. Jend. Urip Sumoharjo, Wonosari, Kec. Ngaliyan, Kota Semarang, Jawa Tengah 50244",,False,Kamis 15.00–03.00,,False,,,,,,,,2026-06-18T02:57:20.143205,False,898d88d24b7ffff,rumah makan
0x2e705fc5d03970db:0xce372bfad8737730,Bakaran faiq,-6.9620833,110.3026434,5.0,,Restoran,"Gg. Santri XV, Mangunharjo, Kec. Tugu, Kota Semarang, Jawa Tengah 50154",,False,Kamis 09.00–21.00,,False,,,,,,,,2026-06-18T02:57:58.505671,False,898d88d24c3ffff,warung
0x2e705f0010e436a5:0x3698d8e2a8cd80e9,Kampung Panggung MAMI SERA Mangunharjo,-6.9611367,110.3036691,5.0,,Restoran,"28Q3+GFV, Jl. Panggung Dalem, Mangunharjo, Kec. Tugu, Kota Semarang, Jawa Tengah 50154",,False,,,False,,,,,,,,2026-06-18T02:58:07.113082,False,898d88d24c3ffff,warung
0x2e705fc138bff83d:0xf4ae00c082a26b11,"Soto Ayam ""Mutiara""",-6.9641553,110.3020996,4.8,,Restoran Soto Ayam,"Mangkang Kulon, Kec. Tugu, Kota Semarang, Jawa Tengah",,False,,,False,,,,,,,,2026-06-18T02:58:16.355067,False,898d88d24c3ffff,warung
0x2e708b007530c5c9:0x82bbbc0a932dd219,Point Coffee Taman Siswa,-7.044819,110.3912401,4.3,,Kedai Kopi,"Jl. Taman Siswa, Sekaran, Kec. Gn. Pati, Kota Semarang, Jawa Tengah 50229",,False,Kamis Buka 24 jam,,False,,,,,,,,2026-06-18T02:58:32.553198,False,898d88d24c3ffff,kafe
0x2e705f00242ed6c7:0xb01bf2396a795822,Kedai Abang,-6.9752665,110.3177761,5.0,,Kedai Kopi,"Jl. Raya Randugarut No.38, Randu Garut, Kec. Tugu, Kota Semarang, Jawa Tengah 50244",,False,Kamis 11.00–22.00,,False,,,,,,,,2026-06-18T02:58:35.466017,False,898d88d24c3ffff,kedai
0x2e708b4fdaa433df:0x86d3a15a2e09e4a0,BURKETSU Gunungpati,-7.0466494,110.3902622,4.3,,Restoran,"Depan Anhesa Gym, Jl. Kolonel Hardiyanto, Rt 3 rw 4, Dukuh Mbanaran, Sekaran, Kec. Gn. Pati, Kota Semarang, Jawa Tengah 50229",,False,Kamis 10.00–04.00,,False,,,,,,,,2026-06-18T02:58:35.469419,False,898d88d24c3ffff,rumah makan
0x2e705f006c5bceaf:0x61b22c378316d083,Pantai Mangun harjo,-6.956153,110.3047052,4.4,,Pusat jajanan kaki lima,"28V3+GVP, Jl. Kyai Gilang, Mangkang Kulon, Kec. Tugu, Kota Semarang, Jawa Tengah 50155",,False,,,False,,,,,,,,2026-06-18T02:58:40.068815,False,898d88d24cbffff,warung
0x2e705f22aa08c6c3:0xce3914ba79cfc135,Angkringan pinkan,-6.9721683,110.3120447,5.0,,Kedai Kopi,"Jl. Jend. Urip Sumoharjo No.96, Mangkang Wetan, Kec. Tugu, Kota Semarang, Jawa Tengah 50156",,False,Kamis 16.00–01.00,,False,,,,,,,,2026-06-18T02:58:40.244817,False,898d88d24c3ffff,angkringan
0x2e705f000cca33b5:0x1bf402da30ecde60,Warung Makan Bu Arni,-6.9713,110.3119049,5.0,,Rumah Makan,"JL. TIKUNG RT 04 RW 02 MANGKANG WETAN, KEC. TUGU, JAWA, TENGAH, 50156, Kota Semarang, Jawa Tengah 50156",,False,Kamis 06.00–18.00,,False,,,,,,,,2026-06-18T02:58:40.775286,False,898d88d24c3ffff,rumah makan
0x2e705f50433c489f:0xdba293f83c65ebf0,Angkringan Mb Lina,-6.9734965,110.313894,5.0,,Kedai Kopi,"28G7+GM2, Wonosari, Kec. Ngaliyan, Kota Semarang, Jawa Tengah 50244",,False,Kamis 05.30–22.00,,False,,,,,,,,2026-06-18T02:58:45.089374,False,898d88d24c3ffff,angkringan
0x2e708bd8e80fc065:0xc8e7110eaec5686f,KEDAI OCHID,-7.0560645,110.3948754,2.0,,Kafe,"Jl. Taman Siswa No.24, Sekaran, Kec. Gn. Pati, Kota Semarang, Jawa Tengah 50229",,False,,,False,,,,,,,,2026-06-18T02:58:55.557447,False,898d88d24cbffff,kedai
0x2e705f634819e3f5:0x1ffb11c5676f0d20,Soto Pinggir Tambak,-6.9536286,110.3056024,4.9,,Rumah Makan,"Jl. Kyai Gilang Jl. Irigasi Utara, Utama, Kec. Tugu, Kota Semarang, Jawa Tengah 50155",https://sotopinggirtambak.pages.dev/,False,Kamis 07.00–17.00,,False,,,,,,,,2026-06-18T02:59:00.227469,False,898d88d24cbffff,rumah makan
0x2e708b17f5573979:0x63669cfe66a8b898,Kedai Merdeka,-7.0340575,110.4150112,4.6,,Restoran,"XC88+92C, Tinjomoyo, Kec. Banyumanik, Kota Semarang, Jawa Tengah 50262",,False,Kamis 09.00–22.00,,False,,,,,,,,2026-06-18T02:59:00.933899,False,898d88d24cbffff,kedai
0x2e708b7918be8eb1:0xf283e7fc51876f65,Kedai Candi,-6.9992862,110.3696879,5.0,,Kedai Kopi,"Jl. Borobudur Bar. IV No.31, Kalipancur, Kec. Ngaliyan, Kota Semarang, Jawa Tengah 50183",,False,Kamis Buka 24 jam,,False,,,,,,,,2026-06-18T03:00:23.882121,False,898d88d2443ffff,kedai
0x2e708b88a1f2ee41:0xea9ef0b90b2c2caa,November Coffee,-7.0266688,110.4190219,4.4,,Kedai Kopi,"Jl. Teuku Umar No.18, Jatingaleh, Kec. Candisari, Kota Semarang, Jawa Tengah 50254",,False,Kamis Buka 24 jam,,False,,,,,,,,2026-06-18T03:00:24.541509,False,898d88d2443ffff,kafe
